name,description,url,category,subcategory,github_url,project_tags,production_ready,learning_value,sacred_circuits_relevance,domain_tags,notes
Three.js,JavaScript 3D library for WebGL rendering,https://threejs.org/,WebGL/3D,3D Engine,https://github.com/mrdoob/three.js,Orbs|Pantheon|Constellation,0.9,0.9,0.9,webgl|3d|rendering|animation,Core 3D engine for Spirit Sphere and Orb visualizations
Babylon.js,Powerful 3D engine with WebGL support,https://www.babylonjs.com/,WebGL/3D,3D Engine,https://github.com/BabylonJS/Babylon.js,Orbs|Pantheon,0.9,0.9,0.7,webgl|3d|game-engine|physics,Alternative 3D engine; heavier than Three.js
Pixi.js,Fast 2D WebGL renderer with Canvas fallback,https://pixijs.com/,WebGL/3D,2D Renderer,https://github.com/pixijs/pixi.js,Orbs|Constellation|Wall,0.9,0.8,0.8,webgl|2d|canvas|rendering,Excellent for card animations and 2D particle effects
Fabric.js,Canvas library with SVG-to-Canvas parser,http://fabricjs.com/,Canvas,Canvas Library,https://github.com/kangax/fabric.js,Constellation|Wall,0.9,0.8,0.6,canvas|svg|drawing|manipulation,Useful for card design tools
Paper.js,Vector graphics scripting framework,http://paperjs.org/,Canvas,Vector Graphics,https://github.com/paperjs/paper.js,Constellation|Orbs,0.8,0.8,0.6,canvas|vector|svg|drawing,Sacred geometry drawing potential
Two.js,Renderer-agnostic 2D drawing API,https://two.js.org/,Canvas,2D Drawing,https://github.com/jonobr1/two.js,Constellation|Orbs,0.7,0.7,0.6,svg|canvas|webgl|2d,Lightweight alternative for 2D sacred geometry
svg.js,Lightweight library for manipulating and animating SVG,https://svgjs.dev/,Canvas,SVG,https://github.com/wout/svg.js,Constellation|Wall,0.8,0.7,0.6,svg|animation|vector,SVG constellation and connection lines
heatmap.js,HTML5 canvas-based heatmaps,https://www.patrick-wied.at/static/heatmapjs/,Canvas,Heatmap,https://github.com/pa7/heatmap.js,Constellation,0.7,0.6,0.3,canvas|heatmap|visualization,Data visualization overlay
D3.js,Data-driven visualization library for HTML and SVG,https://d3js.org/,Data Visualization,General,https://github.com/d3/d3,Constellation|Wall,0.9,0.9,0.7,svg|data|charts|visualization,Knowledge graph and deity relationship mapping
Chart.js,Simple HTML5 charts using canvas,https://www.chartjs.org/,Data Visualization,Charts,https://github.com/chartjs/Chart.js,Wall|Constellation,0.9,0.9,0.5,canvas|charts|responsive,Dashboard charts for oracle analytics
ECharts,Enterprise-grade charting library by Apache,https://echarts.apache.org/,Data Visualization,Charts,https://github.com/apache/echarts,Wall|Constellation,0.9,0.8,0.5,charts|svg|canvas|enterprise,Rich chart types for analytics
Plotly.js,High-level charting library for interactive graphs,https://plotly.com/javascript/,Data Visualization,Charts,https://github.com/plotly/plotly.js,Constellation|Wall,0.9,0.8,0.4,charts|3d|interactive|scientific,Scientific visualization
Sigma.js,JavaScript library dedicated to graph drawing,http://sigmajs.org/,Data Visualization,Graph,https://github.com/jacomyal/sigma.js,Constellation,0.7,0.7,0.8,graph|network|visualization,Deity relationship network visualization
Cytoscape.js,Fully featured graph theory library,https://js.cytoscape.org/,Data Visualization,Graph,https://github.com/cytoscape/cytoscape.js,Constellation,0.8,0.8,0.8,graph|network|analysis,Knowledge graph for mythology entities
G2,Data-driven visualization grammar for statistical charts,https://g2.antv.antgroup.com/,Data Visualization,Charts,https://github.com/antvis/G2,Constellation,0.7,0.7,0.3,charts|grammar|visualization,AntV visualization grammar
G6,Graph visualization engine by AntV,https://g6.antv.antgroup.com/,Data Visualization,Graph,https://github.com/antvis/g6,Constellation,0.7,0.7,0.7,graph|network|layout,Graph visualization for entity relationships
C3.js,D3-based reusable chart library,https://c3js.org/,Data Visualization,Charts,https://github.com/c3js/c3,Wall,0.7,0.7,0.3,charts|d3|reusable,Simple chart wrapper
Chartist.js,Simple responsive chart library built with SVG,https://gionkunz.github.io/chartist-js/,Data Visualization,Charts,https://github.com/chartist-js/chartist,Wall,0.6,0.6,0.3,charts|svg|responsive,Lightweight charts
ApexCharts.js,Modern charting library with simple API,https://apexcharts.com/,Data Visualization,Charts,https://github.com/apexcharts/apexcharts.js,Wall,0.8,0.8,0.4,charts|interactive|responsive,Modern chart library
BillBoard.js,D3-based reusable chart library,https://naver.github.io/billboard.js/,Data Visualization,Charts,https://github.com/naver/billboard.js,Wall,0.7,0.7,0.3,charts|d3|reusable,C3.js successor
Frappe Charts,Simple responsive modern SVG charts,https://frappe.io/charts,Data Visualization,Charts,https://github.com/frappe/charts,Wall,0.7,0.7,0.3,charts|svg|lightweight,Minimal chart library
amCharts,Advanced charting library for JS/TS,https://www.amcharts.com/,Data Visualization,Charts,https://github.com/amcharts/amcharts4,Wall,0.8,0.7,0.3,charts|maps|interactive,Commercial chart library
CanvasJS,Responsive HTML5 charting with high performance,https://canvasjs.com/,Data Visualization,Charts,,Wall,0.7,0.6,0.3,charts|canvas|performance,Performance-focused charts
Recharts,Composable charting library built on React and D3,https://recharts.org/,Data Visualization,Charts,https://github.com/recharts/recharts,Wall|Constellation,0.9,0.8,0.5,charts|react|d3|composable,Best React chart library for dashboard
Nivo,Supercharged React dataviz components,https://nivo.rocks/,Data Visualization,Charts,https://github.com/plouc/nivo,Wall|Constellation,0.8,0.8,0.5,charts|react|d3|responsive,Beautiful React data viz
Victory,Composable React components for visualization,https://formidable.com/open-source/victory/,Data Visualization,Charts,https://github.com/FormidableLabs/victory,Wall,0.8,0.7,0.4,charts|react|composable,React-native compatible
react-vis,React components for data visualization by Uber,https://uber.github.io/react-vis/,Data Visualization,Charts,https://github.com/uber/react-vis,Wall,0.7,0.6,0.3,charts|react|uber,Uber's viz library
Anime.js,Lightweight JavaScript animation library,https://animejs.com/,Animation,General,https://github.com/julianshapiro/velocity,Pantheon|Orbs|Wall,0.9,0.9,0.9,animation|css|svg|dom,Core animation engine for card and UI effects
Velocity.js,Accelerated JavaScript animation engine,http://velocityjs.org/,Animation,General,https://github.com/julianshapiro/velocity,Pantheon|Wall,0.8,0.7,0.6,animation|performance|jquery,High-performance animation alternative
GSAP,Professional-grade animation platform,https://gsap.com/,Animation,General,,Pantheon|Orbs|Wall|Ritual,0.9,0.9,0.9,animation|timeline|scroll|svg,Industry standard for web animation
Mo.js,Motion graphics library with declarative API,https://mojs.github.io/,Animation,Motion Graphics,https://github.com/legomushroom/mojs,Pantheon|Orbs,0.7,0.8,0.8,animation|motion|particles|burst,Burst and shape animations for deity effects
Animate.css,Cross-browser library of CSS animations,https://animate.style/,Animation,CSS,https://github.com/animate-css/animate.css,Wall,0.9,0.9,0.5,css|animation|transitions,Simple CSS animation presets
Bounce.js,Create delightful CSS3 powered animations,http://bouncejs.com/,Animation,CSS,https://github.com/twonavimehran/bounce.js,Wall,0.5,0.6,0.3,css|animation|bounce,CSS bounce effects
TweenJS,Tweening and animation library from CreateJS,https://www.createjs.com/tweenjs,Animation,Tweening,https://github.com/CreateJS/TweenJS,Pantheon|Orbs,0.7,0.7,0.6,animation|tweening|createjs,Part of CreateJS suite
Tween.js,JavaScript tweening engine for smooth animations,https://tweenjs.github.io/tween.js/,Animation,Tweening,https://github.com/tweenjs/tween.js,Orbs|Pantheon,0.8,0.7,0.7,animation|tweening|interpolation,Common Three.js companion for smooth transitions
Dynamics.js,Physics-based animations for interfaces,http://dynamicsjs.com/,Animation,Physics,https://github.com/michaelvillar/dynamics.js,Orbs|Pantheon,0.6,0.7,0.6,animation|physics|spring,Physics-based animation effects
Anima,Minimal JavaScript animation library,https://animajs.com/,Animation,General,https://github.com/animajs/anima,Wall,0.3,0.5,0.3,animation|minimal|lightweight,Minimal animation utility
AlloyFinger,Smooth animations and gesture support,https://github.com/AlioyTeam/AlloyFinger,Animation,Gesture,https://github.com/AlloyTeam/AlloyFinger,Ritual,0.6,0.6,0.5,animation|gesture|touch,Touch gesture animations
AOS,Animate on scroll library,https://michalsnik.github.io/aos/,Animation,Scroll,https://github.com/michalsnik/aos,Wall,0.8,0.8,0.5,animation|scroll|css,Scroll-triggered animations for landing pages
ScrollMagic,Scroll interaction and animation library,http://scrollmagic.io/,Animation,Scroll,https://github.com/janpaepke/ScrollMagic,Wall|Ritual,0.8,0.7,0.5,animation|scroll|parallax,Advanced scroll-based storytelling
Lottie,Render After Effects animations natively on web,https://airbnb.io/lottie/,Animation,Vector,https://github.com/airbnb/lottie-web,Pantheon|Wall,0.9,0.8,0.8,animation|svg|after-effects|vector,Deity animation rendering from AE
Howler.js,Modern Web Audio API wrapper for sound control,https://howlerjs.com/,Audio,Audio Library,https://github.com/goldfire/howler.js,Pantheon|Ritual,0.9,0.8,0.9,audio|sound|web-audio|playback,Core audio engine for oracle readings and deity voices
Tone.js,WebAudio framework for interactive music,https://tonejs.github.io/,Audio,Music Framework,https://github.com/Tonejs/Tone.js,Pantheon|Ritual|Orbs,0.9,0.8,0.9,audio|music|synthesis|web-audio,Interactive music for oracle experiences
SoundJS,Simple API for working with audio from CreateJS,https://www.createjs.com/soundjs,Audio,Audio Library,https://github.com/CreateJS/SoundJS,Pantheon,0.7,0.6,0.5,audio|sound|createjs,CreateJS audio module
JuliusJS,Speech recognition library for the web,https://github.com/zzmp/juliusjs,Audio,Speech,https://github.com/zzmp/juliusjs,Pantheon,0.3,0.6,0.5,audio|speech|recognition,Browser speech recognition
MediaElement.js,HTML5 audio/video player with plugin support,https://www.mediaelement.com/,Audio,Player,https://github.com/mediaelement/mediaelement,Pantheon,0.8,0.7,0.4,audio|video|player|html5,Unified media player
Video.js,Open source HTML5 video player,https://videojs.com/,Video,Player,https://github.com/videojs/video.js,Pantheon|Wall,0.9,0.8,0.5,video|player|html5|streaming,Standard video player
Plyr,Simple accessible HTML5 media player,https://plyr.io/,Video,Player,https://github.com/sampotts/plyr,Wall,0.9,0.8,0.4,video|audio|player|accessible,Clean media player
Shaka Player,DASH/HLS adaptive streaming player,https://shaka-player-demo.appspot.com/,Video,Streaming,https://github.com/shaka-project/shaka-player,Wall,0.8,0.7,0.3,video|streaming|dash|hls,Adaptive streaming
Fluent-ffmpeg,Fluent API to FFmpeg for Node.js,https://github.com/fluent-ffmpeg/node-fluent-ffmpeg,Video,Processing,https://github.com/fluent-ffmpeg/node-fluent-ffmpeg,Infrastructure,0.8,0.7,0.5,video|ffmpeg|processing|node,Server-side video processing
jPlayer,jQuery HTML5 audio and video plugin,https://jplayer.org/,Audio,Player,https://github.com/jplayer/jPlayer,Pantheon,0.5,0.5,0.3,audio|video|jquery|player,Legacy jQuery media player
React,Library for building user interfaces with components,https://react.dev/,UI,Framework,https://github.com/facebook/react,Wall|Infrastructure,0.9,0.9,0.7,ui|components|virtual-dom|jsx,Core UI framework
Vue.js,Intuitive fast composable MVVM framework,https://vuejs.org/,UI,Framework,https://github.com/vuejs/vue,Wall,0.9,0.9,0.3,ui|reactive|components|mvvm,Alternative frontend framework
Angular,Platform for building mobile and desktop web apps,https://angular.dev/,UI,Framework,https://github.com/angular/angular,Wall,0.9,0.8,0.3,ui|framework|typescript|enterprise,Enterprise framework
Svelte,Compiler-based UI framework,https://svelte.dev/,UI,Framework,https://github.com/sveltejs/svelte,Wall,0.9,0.9,0.4,ui|compiler|reactive|lightweight,Compiled framework alternative
Preact,Fast 3kB React alternative with same API,https://preactjs.com/,UI,Framework,https://github.com/developit/preact,Wall,0.8,0.7,0.4,ui|react|lightweight|components,Lightweight React alternative
Alpine.js,Reactive nature of Vue/React at low cost,https://alpinejs.dev/,UI,Framework,https://github.com/alpinejs/alpine,Wall,0.8,0.8,0.4,ui|reactive|lightweight|declarative,Minimal reactive framework
Inferno,Extremely fast React-like library,https://infernojs.org/,UI,Framework,https://github.com/infernojs/inferno,Wall,0.7,0.6,0.3,ui|react|performance|virtual-dom,Performance-focused React clone
Mithril.js,Client-side MVC framework under 10kb,https://mithril.js.org/,UI,Framework,https://github.com/lhorie/mithril.js,Wall,0.7,0.7,0.3,ui|mvc|routing|lightweight,Tiny full-featured framework
Hyperapp,1kb library for building frontend applications,https://github.com/hyperapp/hyperapp,UI,Framework,https://github.com/hyperapp/hyperapp,Wall,0.6,0.7,0.3,ui|minimal|functional|virtual-dom,Ultra-minimal framework
Million,Sub-1kb compiler-focused virtual DOM,https://million.dev/,UI,Framework,https://github.com/aidenybai/million,Wall,0.7,0.7,0.3,ui|virtual-dom|compiler|performance,React performance optimizer
Ember.js,Framework for ambitious web applications,https://emberjs.com/,UI,Framework,https://github.com/emberjs/ember.js,Wall,0.8,0.7,0.3,ui|framework|convention|routing,Convention-over-configuration framework
Backbone.js,MVC framework giving structure to JS apps,https://backbonejs.org/,UI,Framework,https://github.com/jashkenas/backbone,Wall,0.7,0.5,0.3,ui|mvc|models|events,Legacy MVC framework
jQuery,Fast small feature-rich DOM manipulation library,https://jquery.com/,DOM,Manipulation,https://github.com/jquery/jquery,Wall,0.9,0.7,0.3,dom|selectors|ajax|events,Legacy but still widely used
Zepto.js,Lightweight jQuery alternative for modern browsers,https://zeptojs.com/,DOM,Manipulation,https://github.com/madrobby/zepto,Wall,0.6,0.5,0.3,dom|lightweight|mobile|touch,Mobile-optimized jQuery alternative
Cheerio,Core jQuery for server-side HTML parsing,https://cheerio.js.org/,DOM,Server,https://github.com/cheeriojs/cheerio,Infrastructure,0.9,0.7,0.4,dom|parsing|server|scraping,Server-side HTML manipulation
Hammer.js,Multi-touch gesture recognition library,https://hammerjs.github.io/,Gesture,Touch,https://github.com/hammerjs/hammer.js,Ritual,0.8,0.7,0.7,gesture|touch|multitouch|mobile,Touch gestures for card interactions
Touchemulator,Touch behavior emulation for testing,https://github.com/hammerjs/touchemulator,Gesture,Testing,https://github.com/hammerjs/touchemulator,Ritual,0.5,0.5,0.3,gesture|testing|touch|emulation,Testing touch interactions
Leaflet,Interactive mobile-friendly mapping library,https://leafletjs.com/,Maps,General,https://github.com/Leaflet/Leaflet,Wall,0.9,0.9,0.4,maps|interactive|mobile|tiles,Lightweight mapping
Mapbox GL JS,WebGL-powered interactive vector maps,https://www.mapbox.com/mapbox-gljs,Maps,WebGL,https://github.com/mapbox/mapbox-gl-js,Wall|Orbs,0.9,0.8,0.4,maps|webgl|vector|3d,WebGL-based mapping
OpenLayers,High-performance mapping library,https://openlayers.org/,Maps,General,https://github.com/openlayers/openlayers,Wall,0.8,0.7,0.3,maps|gis|layers|tiles,Full-featured GIS mapping
Parsley.js,Frontend form validation library,https://parsleyjs.org/,Forms,Validation,https://github.com/guillaumepotier/Parsley.js,Wall,0.7,0.7,0.3,forms|validation|frontend|ui,Form validation for oracle card input
validator.js,String validation and sanitization utility,https://github.com/chriso/validator.js,Forms,Validation,https://github.com/chriso/validator.js,Infrastructure,0.9,0.7,0.4,validation|sanitization|strings,Server-side validation
Zod,TypeScript-first schema validation,https://zod.dev/,Forms,Validation,https://github.com/colinhacks/zod,Infrastructure|Wall,0.9,0.9,0.6,validation|typescript|schema|runtime,Modern schema validation for API
Yup,JavaScript schema builder and validator,https://github.com/jquense/yup,Forms,Validation,https://github.com/jquense/yup,Infrastructure|Wall,0.8,0.8,0.5,validation|schema|forms,Form schema validation
vest,Declarative form validation inspired by testing,https://vestjs.dev/,Forms,Validation,https://github.com/ealush/vest,Wall,0.7,0.7,0.3,validation|forms|declarative,Testing-style form validation
Select2,Enhanced select boxes with search,https://select2.org/,Forms,Select,https://github.com/select2/select2,Wall,0.8,0.7,0.3,forms|select|dropdown|search,Enhanced select widget
Chosen,jQuery plugin for select customization,https://harvesthq.github.io/chosen/,Forms,Select,https://github.com/harvest/chosen,Wall,0.6,0.5,0.3,forms|select|jquery,Legacy select enhancement
Selectize.js,Customizable select and autocomplete control,https://selectize.dev/,Forms,Select,https://github.com/selectize/selectize.js,Wall,0.7,0.6,0.3,forms|select|autocomplete|tags,Hybrid textbox/select
Flatpickr,Lightweight dependency-free date picker,https://flatpickr.js.org/,Forms,Date Picker,https://github.com/flatpickr/flatpickr,Wall,0.9,0.8,0.4,forms|datepicker|calendar|lightweight,Modern date picker
Cleave.js,Format input fields as you type,https://nosir.github.io/cleave.js/,Forms,Formatting,https://github.com/nosir/cleave.js,Wall,0.8,0.7,0.3,forms|formatting|input|masking,Input formatting
Inputmask,Input masking for predefined formats,https://robinherbots.github.io/Inputmask/,Forms,Formatting,https://github.com/RobinHerbots/Inputmask,Wall,0.8,0.7,0.3,forms|mask|input|formatting,Input mask library
AutoNumeric.js,Live currency and number formatting,https://autonumeric.org/,Forms,Formatting,https://github.com/autoNumeric/autoNumeric,Wall,0.7,0.6,0.3,forms|number|currency|formatting,Number formatting for payments
Dropzone,Drag-and-drop file upload with previews,https://www.dropzone.dev/,Forms,File Upload,https://github.com/dropzone/dropzone,Wall,0.8,0.7,0.3,forms|upload|drag-drop|files,File upload widget
SortableJS,Reorderable drag-and-drop lists,https://sortablejs.github.io/Sortable/,UI,Drag and Drop,https://github.com/SortableJS/Sortable,Wall,0.9,0.8,0.4,drag-drop|sorting|lists|touch,Drag-and-drop list management
Swiper,Modern mobile touch slider,https://swiperjs.com/,UI,Carousel,https://github.com/nolimits4web/Swiper,Wall|Ritual,0.9,0.9,0.6,carousel|slider|touch|mobile,Card carousel for oracle deck browsing
Slick,Feature-rich carousel jQuery plugin,https://kenwheeler.github.io/slick/,UI,Carousel,https://github.com/kenwheeler/slick,Wall,0.8,0.7,0.3,carousel|slider|jquery|responsive,jQuery carousel
Glide.js,Dependency-free lightweight slider,https://glidejs.com/,UI,Carousel,https://github.com/glidejs/glide,Wall,0.8,0.7,0.4,carousel|slider|lightweight|responsive,Clean slider library
Splide,Accessible flexible carousel in TypeScript,https://splidejs.com/,UI,Carousel,https://github.com/Splidejs/splide,Wall,0.8,0.8,0.4,carousel|slider|typescript|accessible,TypeScript carousel
Keen Slider,Mobile-friendly slider library,https://keen-slider.io/,UI,Carousel,https://github.com/rcbyr/keen-slider,Wall,0.8,0.8,0.4,carousel|slider|mobile|touch,Modern slider
FullPage.js,Fullscreen scrolling website tool,https://alvarotrigo.com/fullPage/,UI,Scroll,https://github.com/alvarotrigo/fullPage.js,Wall|Ritual,0.8,0.7,0.5,scroll|fullscreen|sections|navigation,Full-page scrolling for oracle experience
reveal.js,HTML presentation framework,https://revealjs.com/,UI,Presentation,https://github.com/hakimel/reveal.js,Wall|Pantheon,0.9,0.8,0.6,presentation|slides|html5|css3,Mythology storytelling presentations
impress.js,Prezi-like presentation framework,https://impress.js.org/,UI,Presentation,https://github.com/impress/impress.js,Wall,0.7,0.7,0.4,presentation|3d|css3|transitions,3D presentation effects
PhotoSwipe,Mobile/desktop image gallery with gestures,https://photoswipe.com/,UI,Gallery,https://github.com/dimsemenov/PhotoSwipe,Wall,0.8,0.8,0.5,gallery|lightbox|touch|responsive,Card image gallery viewer
ProgressBar.js,Responsive animated progress bars,https://kimmobrunfeldt.github.io/progressbar.js/,UI,Progress,https://github.com/kimmobrunfeldt/progressbar.js,Wall|Orbs,0.7,0.7,0.5,progress|animation|svg|shapes,Animated progress indicators
NProgress,Slim progress bars for Ajax applications,https://ricostacruz.com/nprogress/,UI,Progress,https://github.com/rstacruz/nprogress,Wall,0.8,0.7,0.3,progress|loading|ajax|slim,Page loading indicator
Pace,Automatic page load progress bar,https://codebyzach.github.io/pace/,UI,Progress,https://github.com/CodeByZach/pace,Wall,0.7,0.6,0.3,progress|loading|automatic,Auto page load progress
SweetAlert2,Beautiful responsive customizable popups,https://sweetalert2.github.io/,UI,Modal,https://github.com/sweetalert2/sweetalert2,Wall,0.9,0.8,0.4,modal|popup|alert|responsive,Beautiful alert replacement
Micromodal,Lightweight accessible modal library,https://micromodal.vercel.app/,UI,Modal,https://github.com/ghosh/Micromodal,Wall,0.8,0.7,0.3,modal|accessible|lightweight|vanilla,Minimal accessible modal
Tingle.js,2kB vanilla modal plugin,https://tingle.robinparisi.com/,UI,Modal,https://github.com/robinparisi/tingle,Wall,0.7,0.6,0.3,modal|lightweight|vanilla|responsive,Tiny modal library
Popper.js,Tooltip and popover positioning engine,https://popper.js.org/,UI,Tooltip,https://github.com/popperjs/popper-core,Wall,0.9,0.8,0.4,tooltip|popover|positioning,Standard positioning engine
iziToast,Elegant responsive notification plugin,https://izitoast.marcelodolza.com/,UI,Notification,https://github.com/dolce/iziToast,Wall,0.7,0.7,0.3,notification|toast|responsive,Styled notifications
toastr,Simple JavaScript toast notifications,https://codeseven.github.io/toastr/,UI,Notification,https://github.com/CodeSeven/toastr,Wall,0.8,0.7,0.3,notification|toast|jquery,jQuery toast notifications
notie,Clean notification and input suite,https://jaredreich.com/notie/,UI,Notification,https://github.com/jaredreich/notie,Wall,0.7,0.7,0.3,notification|input|modal|vanilla,No-dependency notifications
toastify-js,Pure JavaScript toast notification library,https://apvarun.github.io/toastify-js/,UI,Notification,https://github.com/apvarun/toastify-js,Wall,0.7,0.7,0.3,notification|toast|vanilla,Pure JS toasts
Notyf,Minimalistic responsive toast library,https://carlosroso.com/notyf/,UI,Notification,https://github.com/carlosroso/notyf,Wall,0.7,0.7,0.3,notification|toast|accessible|minimal,Accessible minimal toasts
intro.js,Feature introduction and user guide framework,https://introjs.com/,UI,Tours,https://github.com/usablica/intro.js,Wall,0.8,0.7,0.5,onboarding|tour|guide|tooltips,User onboarding for oracle app
shepherd,Guide users through app experiences,https://shepherdjs.dev/,UI,Tours,https://github.com/shipshapeco/shepherd,Wall,0.8,0.7,0.5,onboarding|tour|guide|steps,App tour guide
driver.js,Lightweight vanilla JS focus engine for tours,https://driverjs.com/,UI,Tours,https://github.com/kamranahmedse/driver.js,Wall,0.8,0.8,0.5,onboarding|focus|tour|highlight,Modern tour/spotlight library
Mousetrap,Simple keyboard shortcut handling,https://craig.is/killing/mice,Utilities,Keyboard,https://github.com/ccampbell/mousetrap,Wall|Infrastructure,0.8,0.7,0.4,keyboard|shortcuts|input|events,Keyboard shortcuts
KeyboardJS,Keyboard combo binding library,https://robertwhurst.github.io/KeyboardJS/,Utilities,Keyboard,https://github.com/RobertWHurst/KeyboardJS,Wall,0.7,0.6,0.3,keyboard|combos|input,Keyboard combo handling
webpack,Module bundler for JavaScript applications,https://webpack.js.org/,Build Tools,Bundler,https://github.com/webpack/webpack,Infrastructure,0.9,0.8,0.5,bundler|modules|build|assets,Standard module bundler
Rollup,Next-generation ES module bundler,https://rollupjs.org/,Build Tools,Bundler,https://github.com/rollup/rollup,Infrastructure,0.9,0.8,0.5,bundler|esm|tree-shaking|build,Library-focused bundler
Parcel,Zero-configuration web application bundler,https://parceljs.org/,Build Tools,Bundler,https://github.com/parcel-bundler/parcel,Infrastructure,0.8,0.8,0.4,bundler|zero-config|build|fast,Zero-config bundler
Vite,Next generation frontend build tool,https://vitejs.dev/,Build Tools,Bundler,https://github.com/vitejs/vite,Infrastructure,0.9,0.9,0.6,bundler|dev-server|esm|fast,Modern dev server and bundler
esbuild,Extremely fast JavaScript bundler,https://esbuild.github.io/,Build Tools,Bundler,https://github.com/evanw/esbuild,Infrastructure,0.9,0.7,0.5,bundler|fast|go|build,Go-powered fast bundler
RequireJS,File and module loader for JavaScript,https://requirejs.org/,Build Tools,Loader,https://github.com/requirejs/requirejs,Infrastructure,0.6,0.5,0.3,loader|amd|modules,Legacy module loader
browserify,Browser-side require() the Node.js way,https://browserify.org/,Build Tools,Loader,https://github.com/substack/node-browserify,Infrastructure,0.6,0.5,0.3,bundler|commonjs|node,Legacy CommonJS bundler
SystemJS,Universal module loader,https://github.com/systemjs/systemjs,Build Tools,Loader,https://github.com/systemjs/systemjs,Infrastructure,0.7,0.6,0.3,loader|modules|dynamic|esm,Dynamic module loader
ESLint,Pluggable JavaScript and JSX linting utility,https://eslint.org/,Build Tools,Linter,https://github.com/eslint/eslint,Infrastructure,0.9,0.8,0.5,linter|code-quality|rules|plugins,Standard JS linter
Prettier,Opinionated code formatter,https://prettier.io/,Build Tools,Formatter,https://github.com/prettier/prettier,Infrastructure,0.9,0.8,0.5,formatter|code-style|opinionated,Code formatting
Jest,JavaScript testing framework with simplicity focus,https://jestjs.io/,Testing,Framework,https://github.com/jestjs/jest,Infrastructure,0.9,0.9,0.5,testing|unit|snapshot|coverage,Standard testing framework
Mocha,Flexible test framework for Node.js and browser,https://mochajs.org/,Testing,Framework,https://github.com/mochajs/mocha,Infrastructure,0.9,0.8,0.4,testing|bdd|tdd|async,Flexible test runner
Playwright,Node.js library for browser automation,https://playwright.dev/,Testing,E2E,https://github.com/microsoft/playwright,Infrastructure,0.9,0.9,0.5,testing|e2e|browser|automation,Modern E2E testing
Cypress,Fast reliable E2E testing for web,https://www.cypress.io/,Testing,E2E,https://github.com/cypress-io/cypress,Infrastructure,0.9,0.9,0.4,testing|e2e|browser|component,Popular E2E testing
Chai,BDD/TDD assertion library for Node.js,https://www.chaijs.com/,Testing,Assertion,https://github.com/chaijs/chai,Infrastructure,0.8,0.7,0.3,testing|assertion|bdd|tdd,Assertion library
Jasmine,BDD testing framework for JavaScript,https://jasmine.github.io/,Testing,Framework,https://github.com/jasmine/jasmine,Infrastructure,0.8,0.7,0.3,testing|bdd|standalone,Standalone testing framework
Sinon.js,Test spies stubs and mocks for JavaScript,https://sinonjs.org/,Testing,Mocking,https://github.com/sinonjs/sinon,Infrastructure,0.8,0.7,0.3,testing|mocks|stubs|spies,Test doubles library
Nightwatch.js,E2E testing against Selenium server,https://nightwatchjs.org/,Testing,E2E,https://github.com/nightwatchjs/nightwatch,Infrastructure,0.7,0.7,0.3,testing|e2e|selenium|browser,Selenium-based E2E
QUnit,Unit testing framework for JavaScript,https://qunitjs.com/,Testing,Unit,https://github.com/qunitjs/qunit,Infrastructure,0.7,0.6,0.3,testing|unit|jquery,jQuery test framework
RxJS,Reactive programming library using Observables,https://rxjs.dev/,State Management,Reactive,https://github.com/ReactiveX/rxjs,Infrastructure|Wall,0.9,0.8,0.5,reactive|observables|async|streams,Reactive programming standard
MobX,Transparent functional reactive state management,https://mobx.js.org/,State Management,Reactive,https://github.com/mobxjs/mobx,Wall,0.9,0.8,0.4,state|reactive|observable|proxy,Simple state management
Redux,Predictable state container for JS apps,https://redux.js.org/,State Management,Store,https://github.com/reduxjs/redux,Wall|Infrastructure,0.9,0.8,0.4,state|flux|immutable|middleware,Standard React state management
Zustand,Small fast scalable React state management,https://zustand-demo.pmnd.rs/,State Management,Store,https://github.com/pmndrs/zustand,Wall,0.9,0.9,0.5,state|react|hooks|minimal,Modern React state management
Jotai,Primitive flexible React state management,https://jotai.org/,State Management,Atomic,https://github.com/pmndrs/jotai,Wall,0.8,0.8,0.4,state|react|atoms|minimal,Atomic state management
Recoil,State management for React from Facebook,https://recoiljs.org/,State Management,Atomic,https://github.com/facebookexperimental/Recoil,Wall,0.7,0.7,0.3,state|react|atoms|selectors,Facebook's atomic state
Lodash,Modern utility library with performance focus,https://lodash.com/,Utilities,General,https://github.com/lodash/lodash,Infrastructure,0.9,0.8,0.4,utility|functional|collection|array,Standard utility library
Underscore,Functional programming helpers without extending objects,https://underscorejs.org/,Utilities,General,https://github.com/jashkenas/underscore,Infrastructure,0.8,0.6,0.3,utility|functional|collection,Original utility library
Ramda,Practical functional library for JavaScript,https://ramdajs.com/,Utilities,Functional,https://github.com/ramda/ramda,Infrastructure,0.8,0.8,0.3,functional|immutable|currying|composition,FP-focused utility library
Sugar,JavaScript utility library for native objects,https://sugarjs.com/,Utilities,General,https://github.com/andrewplummer/Sugar,Infrastructure,0.6,0.6,0.3,utility|native|extension,Native object extensions
Async,Utility module for asynchronous JavaScript,https://camel.apache.org/,Utilities,Async,https://github.com/caolan/async,Infrastructure,0.8,0.7,0.4,async|parallel|series|waterfall,Async control flow
Bluebird,Full-featured promise library with performance,http://bluebirdjs.com/,Utilities,Promise,https://github.com/petkaantonov/bluebird,Infrastructure,0.7,0.6,0.3,promise|async|performance,High-performance promises
Moment.js,Parse validate manipulate and display dates,https://momentjs.com/,Date/Time,General,https://github.com/moment/moment,Infrastructure,0.7,0.7,0.3,date|time|parse|format,Legacy date library (use dayjs/date-fns)
date-fns,Modern JavaScript date utility library,https://date-fns.org/,Date/Time,General,https://github.com/date-fns/date-fns,Infrastructure,0.9,0.8,0.4,date|time|modular|immutable,Modern modular date library
Day.js,2KB immutable date library alternative to Moment,https://day.js.org/,Date/Time,General,https://github.com/iamkun/dayjs,Infrastructure,0.9,0.8,0.4,date|time|lightweight|immutable,Lightweight Moment replacement
Luxon,DateTime library by Moment team,https://moment.github.io/luxon/,Date/Time,General,https://github.com/moment/luxon,Infrastructure,0.8,0.8,0.3,date|time|intl|immutable,Modern Moment successor
Tempo,Tree-shakable date library for native Date,https://tempo.formkit.com/,Date/Time,General,https://github.com/formkit/tempo,Infrastructure,0.7,0.7,0.3,date|time|tree-shakable|lightweight,Lightweight date utility
timeago.js,Sub-2kb time-ago formatting library,https://timeago.org/,Date/Time,Relative,https://github.com/hustcc/timeago.js,Wall,0.7,0.7,0.3,date|time|relative|formatting,Relative time formatting
Axios,Promise-based HTTP client for browser and Node,https://axios-http.com/,HTTP,Client,https://github.com/axios/axios,Infrastructure,0.9,0.9,0.6,http|ajax|promise|interceptors,Standard HTTP client
node-fetch,Lightweight fetch API for Node.js,https://github.com/node-fetch/node-fetch,HTTP,Client,https://github.com/node-fetch/node-fetch,Infrastructure,0.8,0.7,0.4,http|fetch|node|lightweight,Node.js fetch polyfill
SuperAgent,Lightweight HTTP request library,https://github.com/ladjs/superagent,HTTP,Client,https://github.com/visionmedia/superagent,Infrastructure,0.7,0.6,0.3,http|request|fluent|node,Fluent HTTP client
ky,Tiny HTTP client based on Fetch,https://github.com/sindresorhus/ky,HTTP,Client,https://github.com/sindresorhus/ky,Infrastructure,0.8,0.7,0.3,http|fetch|tiny|browser,Tiny fetch wrapper
Socket.io,Real-time bidirectional event-based communication,https://socket.io/,HTTP,Realtime,https://github.com/socketio/socket.io,Infrastructure|Pantheon,0.9,0.8,0.6,websocket|realtime|events|bidirectional,Real-time for oracle sessions
Express,Fast unopinionated minimalist web framework,https://expressjs.com/,Routing,Server,https://github.com/expressjs/express,Infrastructure,0.9,0.8,0.5,server|http|routing|middleware,Node.js web framework
Koa,Next-generation web framework with async/await,https://koajs.com/,Routing,Server,https://github.com/koajs/koa,Infrastructure,0.8,0.7,0.3,server|http|async|middleware,Modern Express alternative
Fastify,Fast and low overhead web framework,https://fastify.dev/,Routing,Server,https://github.com/fastify/fastify,Infrastructure,0.9,0.8,0.4,server|http|fast|schema,High-performance server
Hapi,Rich framework for building apps and services,https://hapi.dev/,Routing,Server,https://github.com/hapijs/hapi,Infrastructure,0.8,0.7,0.3,server|http|plugins|validation,Enterprise server framework
Pug,Robust elegant template engine for Node.js,https://pugjs.org/,Templating,Engine,https://github.com/pugjs/pug,Infrastructure,0.8,0.7,0.3,template|html|indentation|server,Whitespace-sensitive templates
EJS,Effective JavaScript templating,https://ejs.co/,Templating,Engine,https://github.com/mde/ejs,Infrastructure,0.8,0.7,0.3,template|html|embedded|server,Embedded JS templates
Handlebars,Mustache-compatible semantic templating,https://handlebarsjs.com/,Templating,Engine,https://github.com/handlebars-lang/handlebars.js,Infrastructure,0.8,0.7,0.3,template|html|logic-less|helpers,Logic-less templates
Nunjucks,Rich powerful templating by Mozilla,https://mozilla.github.io/nunjucks/,Templating,Engine,https://github.com/mozilla/nunjucks,Infrastructure,0.8,0.7,0.3,template|html|jinja2|mozilla,Jinja2-inspired templates
store.js,Cross-browser localStorage wrapper,https://github.com/marcuswestin/store.js,Utilities,Storage,https://github.com/marcuswestin/store.js,Infrastructure,0.7,0.6,0.3,storage|localstorage|cross-browser,Universal localStorage
localForage,Offline storage using IndexedDB/WebSQL/localStorage,https://localforage.github.io/localForage/,Utilities,Storage,https://github.com/mozilla/localForage,Infrastructure|Wall,0.9,0.8,0.5,storage|indexeddb|offline|async,Best offline storage library
PouchDB,Browser database inspired by CouchDB,https://pouchdb.com/,Utilities,Storage,https://github.com/pouchdb/pouchdb,Infrastructure,0.8,0.7,0.4,database|offline|sync|couchdb,Offline-first database
Dexie.js,Friendly IndexedDB wrapper library,https://dexie.org/,Utilities,Storage,https://github.com/dexie/Dexie.js,Infrastructure|Wall,0.8,0.8,0.5,database|indexeddb|wrapper|async,Modern IndexedDB wrapper
NeDB,Embedded persistent database for browser/Electron,https://github.com/louischatriot/nedb,Utilities,Storage,https://github.com/louischatriot/nedb,Infrastructure,0.6,0.6,0.3,database|embedded|lightweight|mongodb,Embedded MongoDB-like DB
sql.js,SQLite compiled to JavaScript via Emscripten,https://sql.js.org/,Utilities,Storage,https://github.com/kripken/sql.js,Infrastructure,0.7,0.7,0.3,database|sqlite|wasm|browser,SQLite in browser
js-cookie,Simple lightweight cookie handling,https://github.com/js-cookie/js-cookie,Utilities,Storage,https://github.com/js-cookie/js-cookie,Infrastructure,0.8,0.7,0.3,cookies|storage|browser,Cookie management
chroma.js,JavaScript library for color manipulations,https://gka.github.io/chroma.js/,Utilities,Color,https://github.com/gka/chroma.js,Orbs|Constellation,0.8,0.8,0.6,color|conversion|scales|interpolation,Color manipulation for visualizations
TinyColor,Fast small color manipulation and conversion,https://bgrins.github.io/TinyColor/,Utilities,Color,https://github.com/bgrins/TinyColor,Orbs|Wall,0.7,0.7,0.4,color|conversion|parsing|manipulation,Lightweight color utility
i18next,Internationalization framework for JavaScript,https://www.i18next.com/,Utilities,I18n,https://github.com/i18next/i18next,Infrastructure|Wall,0.9,0.8,0.5,i18n|translation|localization|react,Greek language support for oracle
Format.js,JavaScript libraries for internationalization,https://formatjs.io/,Utilities,I18n,https://github.com/formatjs/formatjs,Infrastructure,0.8,0.7,0.4,i18n|intl|formatting|messages,ICU message formatting
DOMPurify,DOM-only XSS sanitizer for HTML/SVG,https://github.com/cure53/DOMPurify,Utilities,Security,https://github.com/cure53/DOMPurify,Infrastructure,0.9,0.7,0.5,security|xss|sanitizer|html,Essential XSS protection
Numeral.js,Formatting and manipulating numbers,http://numeraljs.com/,Utilities,Number,https://github.com/adamwdraper/Numeral-js,Wall,0.7,0.6,0.3,number|formatting|currency,Number formatting
accounting.js,Number money and currency formatting,https://openexchangerates.github.io/accounting.js/,Utilities,Number,https://github.com/openexchangerates/accounting.js,Wall,0.6,0.5,0.3,number|currency|formatting,Currency formatting
Math.js,Extensive math library for JavaScript and Node,https://mathjs.org/,Utilities,Math,https://github.com/josdejong/mathjs,Infrastructure|Orbs,0.8,0.8,0.5,math|algebra|statistics|matrices,Math computations for 3D
Chance.js,Random generator for strings numbers and more,https://chancejs.com/,Utilities,Random,https://github.com/chancejs/chancejs,Infrastructure,0.7,0.7,0.3,random|generator|testing|data,Random data generation
faker.js,Generate massive amounts of fake data,https://fakerjs.dev/,Utilities,Random,https://github.com/faker-js/faker,Infrastructure,0.8,0.8,0.3,fake-data|testing|mock|seed,Test data generation
voca,Ultimate string manipulation library,https://vocajs.com/,Utilities,String,https://github.com/panzerdp/voca,Infrastructure,0.7,0.6,0.3,string|manipulation|utility,String utilities
he,Robust HTML entity encoder/decoder,https://github.com/mathiasbynens/he,Utilities,String,https://github.com/mathiasbynens/he,Infrastructure,0.7,0.6,0.3,html|entities|encoding|decoding,HTML entity handling
query-string,Parse and stringify URL query strings,https://github.com/sindresorhus/query-string,Utilities,String,https://github.com/sindresorhus/query-string,Infrastructure,0.8,0.6,0.3,url|query|parsing|string,URL query parsing
URI.js,JavaScript URL mutation library,https://medialize.github.io/URI.js/,Utilities,String,https://github.com/medialize/URI.js,Infrastructure,0.7,0.6,0.3,url|uri|mutation|parsing,URL manipulation
sprintf.js,sprintf implementation for JavaScript,https://github.com/alexei/sprintf.js,Utilities,String,https://github.com/alexei/sprintf.js,Infrastructure,0.7,0.5,0.3,string|formatting|printf,String formatting
Papa Parse,Powerful CSV parsing and export library,https://www.papaparse.com/,Utilities,Files,https://github.com/mholt/PapaParse,Infrastructure,0.9,0.8,0.5,csv|parsing|export|streaming,CSV handling for data pipeline
jsPDF,Client-side JavaScript PDF generation,https://parall.ax/products/jspdf,Utilities,Files,https://github.com/MrRio/jsPDF,Wall,0.8,0.7,0.4,pdf|generation|client-side,PDF generation for oracle reports
PDF.js,PDF viewer built with HTML5,https://mozilla.github.io/pdf.js/,Utilities,Files,https://github.com/mozilla/pdf.js,Wall,0.9,0.7,0.3,pdf|viewer|rendering|html5,PDF rendering
PDFKit,JavaScript PDF generation library for Node,https://pdfkit.org/,Utilities,Files,https://github.com/foliojs/pdfkit,Infrastructure,0.8,0.7,0.4,pdf|generation|node|vector,Server-side PDF generation
diff2html,Git diff output parser and HTML generator,https://diff2html.xyz/,Utilities,Files,https://github.com/rtfpessoa/diff2html,Infrastructure,0.7,0.6,0.3,diff|git|html|visualization,Code diff visualization
ace,Ajax.org Cloud9 code editor,https://ace.c9.io/,Editors,Code,https://github.com/ajaxorg/ace,Wall,0.9,0.7,0.3,editor|code|syntax|browser,In-browser code editor
CodeMirror,Versatile in-browser code editor,https://codemirror.net/,Editors,Code,https://github.com/codemirror/CodeMirror,Wall,0.9,0.8,0.3,editor|code|syntax|extensible,Extensible code editor
Monaco Editor,Code editor powering VS Code,https://microsoft.github.io/monaco-editor/,Editors,Code,https://github.com/microsoft/monaco-editor,Wall,0.9,0.8,0.3,editor|code|vscode|typescript,VS Code editor component
Quill,Modern rich text editor with cross-browser support,https://quilljs.com/,Editors,Rich Text,https://github.com/quilljs/quill,Wall,0.9,0.8,0.4,editor|wysiwyg|rich-text|modular,Rich text for oracle notes
TinyMCE,JavaScript rich text editor,https://www.tiny.cloud/,Editors,Rich Text,https://github.com/tinymce/tinymce,Wall,0.9,0.7,0.3,editor|wysiwyg|rich-text|plugins,Full-featured rich text
medium-editor,Medium.com WYSIWYG editor clone,https://yabwe.github.io/medium-editor/,Editors,Rich Text,https://github.com/yabwe/medium-editor,Wall,0.7,0.7,0.3,editor|wysiwyg|medium|lightweight,Clean minimal editor
Trix,Rich text editor for everyday writing,https://trix-editor.org/,Editors,Rich Text,https://github.com/basecamp/trix,Wall,0.8,0.7,0.3,editor|wysiwyg|basecamp|rich-text,Basecamp's rich text editor
Trumbowyg,Lightweight WYSIWYG editor,https://alex-d.github.io/Trumbowyg/,Editors,Rich Text,https://github.com/Alex-D/Trumbowyg,Wall,0.7,0.6,0.3,editor|wysiwyg|lightweight|jquery,Minimal WYSIWYG
Summernote,Super simple WYSIWYG editor,https://summernote.org/,Editors,Rich Text,https://github.com/summernote/summernote,Wall,0.7,0.6,0.3,editor|wysiwyg|bootstrap|jquery,Bootstrap WYSIWYG
jsoneditor,Web-based JSON viewing and editing tool,https://jsoneditoronline.org/,Editors,Data,https://github.com/josdejong/jsoneditor,Infrastructure,0.8,0.7,0.3,editor|json|tree|viewer,JSON data editor
HANDSONTABLE,JavaScript/HTML5 spreadsheet for developers,https://handsontable.com/,UI,Spreadsheet,https://github.com/handsontable/handsontable,Wall,0.8,0.7,0.3,spreadsheet|table|grid|excel,Excel-like data grid
Frappe Datatable,Simple modern interactive datatable library,https://frappe.io/datatable,UI,Table,https://github.com/frappe/datatable,Wall,0.7,0.7,0.3,table|datatable|interactive|lightweight,Lightweight data table
Jspreadsheet CE,Lightweight vanilla JS interactive tables,https://bossanova.uk/jspreadsheet/,UI,Spreadsheet,https://github.com/jspreadsheet/ce,Wall,0.7,0.7,0.3,spreadsheet|table|vanilla|interactive,Community edition spreadsheet
RevoGrid,Fast responsive Excel-like data grid,https://revolist.github.io/revogrid/,UI,Table,https://github.com/revolist/revogrid,Wall,0.7,0.7,0.3,table|grid|virtual|performance,Virtual scrolling grid
DataTables,jQuery plugin for dynamic data tables,https://datatables.net/,UI,Table,https://github.com/DataTables/DataTables,Wall,0.8,0.7,0.3,table|jquery|sorting|filtering,Standard jQuery data table
AG Grid,Enterprise-grade data grid component,https://www.ag-grid.com/,UI,Table,https://github.com/ag-grid/ag-grid,Wall,0.9,0.8,0.3,table|grid|enterprise|virtual,Enterprise data grid
TimelineJS3,Storytelling timeline built in JavaScript,https://timeline.knightlab.com/,UI,Timeline,https://github.com/NUKnightLab/TimelineJS3,Wall|Pantheon,0.8,0.7,0.6,timeline|storytelling|media|interactive,Mythology timeline storytelling
Timesheet.js,Simple timeline library with HTML5 and CSS3,https://sbstjn.github.io/timesheet.js/,UI,Timeline,https://github.com/sbstjn/timesheet.js,Wall,0.5,0.5,0.3,timeline|css|html5,Simple timeline
Vis Timeline,Interactive timelines and 2D graphs,https://visjs.org/,UI,Timeline,https://github.com/visjs/vis-timeline,Wall|Constellation,0.7,0.7,0.5,timeline|interactive|graph|network,Interactive timeline and network
Labella.js,Timeline label layout by Twitter,https://twitter.github.io/labella.js/,UI,Timeline,https://github.com/twitter/labella.js,Wall|Constellation,0.6,0.6,0.4,timeline|labels|layout|svg,Smart timeline label positioning
React-Chrono,React timeline component in various formats,https://react-chrono.prabhumurthy.com/,UI,Timeline,https://github.com/prabhuignoto/react-chrono,Wall,0.7,0.7,0.4,timeline|react|interactive|modes,React timeline component
tracking.js,Computer vision library for the web,https://trackingjs.com/,Image Processing,Vision,https://github.com/eduardolundgren/tracking.js,Ritual|Pantheon,0.6,0.7,0.5,vision|tracking|face|color,Face and color tracking
ocrad.js,OCR in JavaScript via Emscripten,https://antimatter15.github.io/ocrad.js/,Image Processing,OCR,https://github.com/antimatter15/ocrad.js,Infrastructure,0.5,0.6,0.3,ocr|text|recognition|wasm,Browser-based OCR
CamanJS,Canvas image manipulation with filters,http://camanjs.com/,Image Processing,Canvas,https://github.com/meltingice/CamanJS,Wall,0.6,0.6,0.3,image|canvas|filters|manipulation,Image filter effects
Jimp,Image processing library for Node.js,https://jimp-dev.github.io/jimp/,Image Processing,Node,https://github.com/jimp-dev/jimp,Infrastructure,0.8,0.7,0.4,image|processing|node|manipulation,Server-side image processing
ConvNetJS,Deep learning in JavaScript browser,https://cs.stanford.edu/people/karpathy/convnetjs/,Machine Learning,Neural Network,https://github.com/karpathy/convnetjs,Infrastructure,0.5,0.8,0.3,ml|neural-network|deep-learning|browser,Browser neural networks
Synaptic.js,Architecture-free neural network library,https://caza.la/synaptic/,Machine Learning,Neural Network,https://github.com/cazala/synaptic,Infrastructure,0.5,0.7,0.3,ml|neural-network|architecture,Flexible neural networks
TensorFlow.js,ML library for JavaScript and Node,https://www.tensorflow.org/js,Machine Learning,Framework,https://github.com/tensorflow/tfjs,Infrastructure|Pantheon,0.9,0.9,0.5,ml|tensorflow|gpu|models,Production ML in browser
Brain.js,GPU-accelerated neural networks in JavaScript,https://brain.js.org/,Machine Learning,Neural Network,https://github.com/BrainJS/brain.js,Infrastructure,0.7,0.7,0.3,ml|neural-network|gpu|browser,Simple neural networks
Fuse.js,Lightweight fuzzy-search library,https://www.fusejs.io/,Utilities,Search,https://github.com/krisk/Fuse,Wall|Infrastructure,0.9,0.8,0.6,search|fuzzy|client-side|lightweight,Client-side deity search
Lunr.js,Client-side full-text search for static sites,https://lunrjs.com/,Utilities,Search,https://github.com/olivernn/lunr.js,Wall,0.8,0.7,0.5,search|full-text|client-side|index,Static site search
FullCalendar,Full-sized drag-and-drop event calendar,https://fullcalendar.io/,UI,Calendar,https://github.com/fullcalendar/fullcalendar,Wall,0.9,0.8,0.3,calendar|events|drag-drop|responsive,Calendar component
Phaser,HTML5 game framework for Canvas and WebGL,https://phaser.io/,WebGL/3D,Game Engine,https://github.com/phaserjs/phaser,Orbs|Ritual,0.9,0.9,0.6,game|canvas|webgl|physics,Game engine for interactive oracle experiences
PM2,Production process manager with load balancer,https://pm2.keymetrics.io/,Utilities,Process,https://github.com/Unitech/pm2,Infrastructure,0.9,0.7,0.5,process|manager|cluster|monitoring,Production Node.js process manager
nodemon,Monitor source changes and restart server,https://nodemon.io/,Utilities,Process,https://github.com/remy/nodemon,Infrastructure,0.9,0.8,0.4,development|restart|monitor|watch,Dev server auto-restart
Sequelize,Promise-based ORM for multiple SQL databases,https://sequelize.org/,Utilities,ORM,https://github.com/sequelize/sequelize,Infrastructure,0.9,0.7,0.3,orm|sql|database|promise,SQL ORM for Node.js
Objection.js,SQL-friendly ORM built on Knex for Node.js,https://vincit.github.io/objection.js/,Utilities,ORM,https://github.com/Vincit/objection.js,Infrastructure,0.8,0.7,0.3,orm|sql|knex|relational,Lightweight SQL ORM
Prisma,Next-generation ORM for Node.js and TypeScript,https://www.prisma.io/,Utilities,ORM,https://github.com/prisma/prisma,Infrastructure,0.9,0.9,0.5,orm|database|typescript|schema,Modern TypeScript ORM
Johnny-Five,JavaScript robotics programming framework,https://johnny-five.io/,Utilities,IoT,https://github.com/rwaldron/johnny-five,Orbs,0.7,0.8,0.6,robotics|iot|hardware|arduino,Hardware control for Spirit Sphere
Node-RED,Flow-based programming for IoT,https://nodered.org/,Utilities,IoT,https://github.com/node-red/node-red,Orbs|Infrastructure,0.8,0.8,0.6,iot|flow|automation|hardware,Visual IoT programming for ESP32 integration
Cylon.js,Next-generation robotics framework,https://cylonjs.com/,Utilities,IoT,https://github.com/hybridgroup/cylon,Orbs,0.6,0.7,0.4,robotics|iot|hardware|multiple,Multi-platform robotics
Ghost,Open source publishing platform,https://ghost.org/,Utilities,CMS,https://github.com/TryGhost/Ghost,Infrastructure,0.9,0.7,0.3,cms|blog|publishing|node,Node.js CMS
Hexo,Fast simple powerful blog framework,https://hexo.io/,Utilities,CMS,https://github.com/hexojs/hexo,Infrastructure,0.7,0.6,0.3,blog|static|generator|markdown,Static site generator
Winston,Multi-transport async logging library,https://github.com/winstonjs/winston,Utilities,Logging,https://github.com/winstonjs/winston,Infrastructure,0.9,0.7,0.4,logging|transport|node|async,Standard Node.js logger
Pino,Very low overhead Node.js logger,https://getpino.io/,Utilities,Logging,https://github.com/pinojs/pino,Infrastructure,0.9,0.7,0.4,logging|performance|json|node,Fast JSON logger
loglevel,Minimal logging with reliable log level methods,https://github.com/pimterry/loglevel,Utilities,Logging,https://github.com/pimterry/loglevel,Infrastructure,0.7,0.6,0.3,logging|minimal|browser|levels,Lightweight browser logger
Bunyan,Simple fast JSON logging for Node.js,https://github.com/trentm/node-bunyan,Utilities,Logging,https://github.com/trentm/node-bunyan,Infrastructure,0.7,0.6,0.3,logging|json|node|streams,JSON stream logger
bowser,Browser detection library,https://github.com/bowser-js/bowser,Utilities,Browser,https://github.com/bowser-js/bowser,Infrastructure,0.7,0.6,0.3,browser|detection|user-agent|parsing,Browser feature detection
Nodemailer,Send emails with Node.js,https://nodemailer.com/,Utilities,Email,https://github.com/nodemailer/nodemailer,Infrastructure,0.9,0.7,0.4,email|smtp|node|sending,Email sending for oracle notifications
SSH2,SSH2 client and server modules for Node.js,https://github.com/mscdex/ssh2,Utilities,Network,https://github.com/mscdex/ssh2,Infrastructure,0.8,0.6,0.3,ssh|network|security|node,SSH connectivity
NodeGit,Native Node bindings to Git,https://www.nodegit.org/,Utilities,Git,https://github.com/nodegit/nodegit,Infrastructure,0.7,0.6,0.3,git|bindings|native|node,Programmatic Git access
OpenType.js,JavaScript parser for OpenType and TrueType fonts,https://opentype.js.org/,Typography,Fonts,https://github.com/opentypejs/opentype.js,Pantheon|Wall,0.7,0.8,0.6,typography|fonts|opentype|parsing,Font parsing for deity text rendering
Lettering.js,jQuery font manipulation plugin,https://letteringjs.com/,Typography,Text Effects,https://github.com/davatron5000/Lettering.js,Wall,0.5,0.5,0.3,typography|text|jquery|manipulation,Letter-level text control
TypeIt,Most versatile JavaScript typewriter effect,https://typeitjs.com/,Typography,Animation,https://github.com/alexmacarthur/typeit,Wall|Pantheon,0.7,0.7,0.5,typography|typewriter|animation,Typewriter effect for oracle text
Typed.js,Typing animation library,https://mattboldt.com/demos/typed-js/,Typography,Animation,https://github.com/mattboldt/typed.js,Wall|Pantheon,0.8,0.7,0.5,typography|typewriter|animation,Typing animation for oracle messages
blessed,Curses-like library for terminal interfaces,https://github.com/chjj/blessed,Utilities,Terminal,https://github.com/chjj/blessed,Infrastructure,0.7,0.6,0.3,terminal|tui|curses|dashboard,Terminal UI framework
blessed-contrib,Terminal dashboard widgets with ASCII art,https://github.com/yaronn/blessed-contrib,Utilities,Terminal,https://github.com/yaronn/blessed-contrib,Infrastructure,0.7,0.7,0.3,terminal|dashboard|ascii|charts,Terminal data visualization
Vorpal,Framework for building interactive CLIs,https://vorpal.js.org/,Utilities,CLI,https://github.com/dthree/Vorpal,Infrastructure,0.6,0.6,0.3,cli|interactive|framework|repl,Interactive CLI framework
Inquirer.js,Collection of interactive CLI prompts,https://github.com/SBoudrias/Inquirer.js,Utilities,CLI,https://github.com/SBoudrias/Inquirer.js,Infrastructure,0.9,0.8,0.4,cli|prompts|interactive|input,CLI prompt library
VerbalExpressions,Construct regular expressions in readable code,https://verbalexpressions.github.io/JSVerbalExpressions/,Utilities,RegExp,https://github.com/VerbalExpressions/JSVerbalExpressions,Infrastructure,0.6,0.7,0.3,regex|builder|readable|utility,Human-readable regex builder
Clinic.js,Tools for diagnosing Node.js performance,https://clinicjs.org/,Utilities,Profiling,https://github.com/clinicjs/node-clinic,Infrastructure,0.8,0.7,0.3,profiling|performance|node|diagnostics,Node.js performance diagnostics
Deepstream.io,Realtime server for collaborative applications,https://deepstream.io/,HTTP,Realtime,https://github.com/deepstreamIO/deepstream.io,Infrastructure,0.7,0.7,0.3,realtime|server|data-sync|rpc,Real-time data sync
Primus,Universal wrapper for real-time frameworks,https://github.com/primus/primus,HTTP,Realtime,https://github.com/primus/primus,Infrastructure,0.7,0.6,0.3,realtime|websocket|wrapper|universal,Real-time abstraction layer
SocketCluster,Highly scalable realtime microframework,https://socketcluster.io/,HTTP,Realtime,https://github.com/SocketCluster/socketcluster,Infrastructure,0.7,0.6,0.3,realtime|websocket|scalable|cluster,Scalable WebSocket server
Nock,HTTP mocking and expectations library,https://github.com/nock/nock,Testing,Mocking,https://github.com/nock/nock,Infrastructure,0.8,0.7,0.3,testing|mock|http|interceptor,HTTP request mocking
React Native,Framework for building native mobile apps with React,https://reactnative.dev/,UI,Mobile,https://github.com/facebook/react-native,Wall,0.9,0.8,0.4,mobile|native|react|cross-platform,Mobile app development
Electron,Build cross-platform desktop apps with web tech,https://www.electronjs.org/,UI,Desktop,https://github.com/electron/electron,Wall|Infrastructure,0.9,0.8,0.5,desktop|cross-platform|chromium|node,Desktop app for Spirit Sphere control
Tauri,Build smaller faster more secure desktop apps,https://tauri.app/,UI,Desktop,https://github.com/tauri-apps/tauri,Wall|Infrastructure,0.8,0.9,0.5,desktop|rust|lightweight|secure,Modern Electron alternative
Meteor,Ultra-simple full-stack JavaScript platform,https://www.meteor.com/,UI,Full-Stack,https://github.com/meteor/meteor,Infrastructure,0.7,0.6,0.3,fullstack|realtime|database|reactive,Full-stack reactive platform
Adonis.js,Node.js web framework with ergonomics focus,https://adonisjs.com/,Routing,Server,https://github.com/adonisjs/core,Infrastructure,0.8,0.7,0.3,server|mvc|typescript|node,Full-featured Node.js MVC
Remult,CRUD framework for full-stack TypeScript,https://remult.dev/,Utilities,CRUD,https://github.com/remult/remult,Infrastructure,0.7,0.7,0.3,crud|typescript|fullstack|orm,Full-stack CRUD framework
Stripe.js,Stripe payment integration client library,https://stripe.com/docs/js,Utilities,Payments,https://github.com/stripe/stripe-js,Wall|Infrastructure,0.9,0.8,0.8,payments|stripe|checkout|elements,Payment processing for oracle cards
dox,JavaScript documentation generator producing JSON,https://github.com/tj/dox,Build Tools,Documentation,https://github.com/tj/dox,Infrastructure,0.6,0.5,0.3,documentation|jsdoc|json|generator,JSDoc JSON generator
ESDoc,Good documentation generator for JavaScript,https://esdoc.org/,Build Tools,Documentation,https://github.com/esdoc/esdoc,Infrastructure,0.6,0.6,0.3,documentation|esdoc|generator,ES6 documentation
Storybook,UI component development environment,https://storybook.js.org/,Build Tools,Documentation,https://github.com/storybookjs/storybook,Infrastructure|Wall,0.9,0.9,0.5,documentation|components|ui|testing,Component documentation and testing
React Spring,Spring-physics based React animation library,https://react-spring.dev/,Animation,Physics,https://github.com/pmndrs/react-spring,Wall|Orbs|Pantheon,0.9,0.9,0.8,animation|physics|spring|react,Physics-based React animations
Framer Motion,Production-ready React animation library,https://www.framer.com/motion/,Animation,React,https://github.com/framer/motion,Wall|Pantheon,0.9,0.9,0.8,animation|react|gesture|layout,Best React animation library
React Three Fiber,React renderer for Three.js,https://docs.pmnd.rs/react-three-fiber/,WebGL/3D,React,https://github.com/pmndrs/react-three-fiber,Orbs|Pantheon|Constellation,0.9,0.9,0.9,threejs|react|3d|webgl,React + Three.js for Orb rendering
Drei,Useful helpers for React Three Fiber,https://drei.pmnd.rs/,WebGL/3D,React,https://github.com/pmndrs/drei,Orbs|Pantheon,0.9,0.9,0.9,threejs|react|helpers|3d,Essential R3F utilities
Zustand,Small fast scalable React state management,https://zustand-demo.pmnd.rs/,State Management,Store,https://github.com/pmndrs/zustand,Wall|Infrastructure,0.9,0.9,0.5,state|react|hooks|minimal,Lightweight React state (pmndrs ecosystem)
Leva,React GUI panel for tweaking parameters,https://leva.pmnd.rs/,WebGL/3D,Controls,https://github.com/pmndrs/leva,Orbs,0.8,0.8,0.7,gui|controls|react|tweaking,3D parameter tweaking UI
Cannon-es,Lightweight 3D physics engine,https://pmndrs.github.io/cannon-es/,WebGL/3D,Physics,https://github.com/pmndrs/cannon-es,Orbs,0.7,0.7,0.6,physics|3d|simulation|collision,3D physics for particle effects
Rapier,High-performance physics engine via WASM,https://rapier.rs/,WebGL/3D,Physics,https://github.com/dimforge/rapier,Orbs,0.8,0.8,0.5,physics|wasm|3d|simulation,WASM physics engine
Postprocessing,Post-processing effects for Three.js,https://pmndrs.github.io/postprocessing/,WebGL/3D,Effects,https://github.com/pmndrs/postprocessing,Orbs|Pantheon,0.8,0.8,0.8,threejs|effects|bloom|glitch,Visual effects for deity rendering
particlesJS,Lightweight particles animation library,https://vincentgarreau.com/particles.js/,Animation,Particles,https://github.com/VincentGarreau/particles.js,Orbs|Constellation,0.7,0.7,0.8,particles|canvas|animation|background,Particle effects for Orb background
tsParticles,TypeScript particles animation library,https://particles.js.org/,Animation,Particles,https://github.com/tsparticles/tsparticles,Orbs|Constellation,0.8,0.8,0.8,particles|canvas|animation|typescript,Modern particles.js successor
Konva,2D canvas framework for desktop and mobile,https://konvajs.org/,Canvas,2D Framework,https://github.com/konvajs/konva,Constellation|Wall,0.8,0.8,0.6,canvas|2d|shapes|events,2D canvas with event handling for card design
p5.js,Creative coding library inspired by Processing,https://p5js.org/,Canvas,Creative,https://github.com/processing/p5.js,Orbs|Constellation|Pantheon,0.9,0.9,0.8,canvas|creative|generative|art,Creative coding for sacred geometry
PixiJS Filters,Collection of WebGL filters for PixiJS,https://pixijs.io/filters/,WebGL/3D,Filters,https://github.com/pixijs/filters,Orbs|Pantheon,0.8,0.7,0.6,webgl|filters|effects|pixi,Visual filters for card rendering
A-Frame,Web framework for building VR experiences,https://aframe.io/,WebGL/3D,VR/XR,https://github.com/aframevr/aframe,Ritual|Orbs,0.8,0.8,0.6,vr|webxr|3d|declarative,VR/AR oracle experiences
PlayCanvas,WebGL game engine for interactive 3D content,https://playcanvas.com/,WebGL/3D,Game Engine,https://github.com/playcanvas/engine,Orbs,0.8,0.7,0.4,webgl|game|3d|editor,WebGL game engine
Zdog,Flat round pseudo-3D engine for canvas/SVG,https://zzz.dog/,WebGL/3D,Pseudo-3D,https://github.com/metafizzy/zdog,Orbs|Constellation,0.7,0.8,0.6,3d|canvas|svg|illustration,Pseudo-3D illustrations
OGL,Minimal WebGL framework,https://ogl-dev.github.io/ogl/,WebGL/3D,Framework,https://github.com/ogl-dev/ogl,Orbs,0.7,0.8,0.5,webgl|minimal|3d|framework,Lightweight WebGL alternative to Three.js
regl,Functional WebGL programming,http://regl.party/,WebGL/3D,Framework,https://github.com/regl-project/regl,Orbs,0.7,0.8,0.5,webgl|functional|shaders|gpu,Functional WebGL for shader work
TWGL.js,Tiny WebGL helper library,https://twgljs.org/,WebGL/3D,Utility,https://github.com/greggman/twgl.js,Orbs,0.7,0.7,0.4,webgl|utility|helper|lightweight,WebGL boilerplate reducer
Spline,3D design tool for the web,https://spline.design/,WebGL/3D,Design Tool,,Orbs|Pantheon,0.8,0.8,0.6,3d|design|interactive|web,3D web design tool
Theatre.js,Animation toolbox for web,https://www.theatrejs.com/,Animation,Timeline,https://github.com/theatre-js/theatre,Pantheon|Orbs,0.8,0.9,0.8,animation|timeline|3d|keyframe,Keyframe animation for deity sequences
Popmotion,Animator's toolbox for JavaScript,https://popmotion.io/,Animation,General,https://github.com/Popmotion/popmotion,Pantheon|Wall,0.7,0.7,0.5,animation|physics|spring|decay,Functional animation primitives
AutoAnimate,Zero-config drop-in animation utility,https://auto-animate.formkit.com/,Animation,Auto,https://github.com/formkit/auto-animate,Wall,0.8,0.8,0.4,animation|automatic|transitions|react,Automatic list/layout animations
Motion One,Web Animations API powered library,https://motion.dev/,Animation,Web API,https://github.com/motiondivision/motionone,Wall|Pantheon,0.8,0.8,0.5,animation|web-api|lightweight|performant,Modern animation using Web Animations API
CountUp.js,Animating a numerical value by counting up,https://inorganik.github.io/countUp.js/,Animation,Number,https://github.com/inorganik/countUp.js,Wall,0.7,0.6,0.3,animation|number|counting|transition,Number counting animation
Rough.js,Create graphics with hand-drawn sketchy appearance,https://roughjs.com/,Canvas,Sketchy,https://github.com/rough-stuff/rough,Constellation|Wall,0.7,0.8,0.5,canvas|svg|sketchy|hand-drawn,Hand-drawn style for mythological illustrations
Matter.js,2D physics engine for the web,https://brm.io/matter-js/,WebGL/3D,Physics,https://github.com/liabru/matter-js,Orbs|Ritual,0.8,0.8,0.5,physics|2d|simulation|collision,2D physics for card interactions
anime.js,JavaScript animation engine,https://animejs.com/,Animation,General,https://github.com/juliangarnier/anime,Pantheon|Orbs|Wall,0.9,0.9,0.9,animation|css|svg|dom|timeline,Versatile lightweight animation engine
Snap.svg,SVG animation library by Adobe,http://snapsvg.io/,Canvas,SVG,https://github.com/adobe-webplatform/Snap.svg,Constellation,0.7,0.7,0.5,svg|animation|vector|adobe,SVG manipulation and animation
Raphael,Cross-browser vector graphics library,https://dmitrybaranovskiy.github.io/raphael/,Canvas,SVG,https://github.com/DmitryBaranovskiy/raphael,Constellation,0.6,0.5,0.3,svg|vector|cross-browser,Legacy SVG library
GreenSock ScrollTrigger,Scroll-based animation triggering,https://gsap.com/docs/v3/Plugins/ScrollTrigger/,Animation,Scroll,,Pantheon|Wall|Ritual,0.9,0.9,0.7,animation|scroll|trigger|gsap,GSAP plugin for scroll animations
Barba.js,Fluid page transitions between pages,https://barba.js.org/,Animation,Transitions,https://github.com/barbajs/barba,Wall,0.8,0.8,0.5,animation|transitions|pages|pjax,Smooth page transitions for oracle flow
Rellax,Lightweight vanilla parallax library,https://dixonandmoe.com/rellax/,Animation,Parallax,https://github.com/dixonandmoe/rellax,Wall,0.7,0.7,0.3,parallax|scroll|lightweight|vanilla,Simple parallax effects
Locomotive Scroll,Smooth scroll and parallax library,https://locomotivemtl.github.io/locomotive-scroll/,Animation,Scroll,https://github.com/locomotivemtl/locomotive-scroll,Wall|Ritual,0.8,0.8,0.5,scroll|smooth|parallax|inertia,Smooth scrolling for oracle experience
Splitting.js,CSS variable-driven text splitting,https://splitting.js.org/,Typography,Text Effects,https://github.com/shshaw/Splitting,Wall|Pantheon,0.7,0.7,0.5,typography|splitting|css-variables|animation,Text splitting for deity name animations
Fitty,Snugly resize text to fit its parent,https://rikschennink.github.io/fitty/,Typography,Responsive,https://github.com/rikschennink/fitty,Wall,0.7,0.6,0.3,typography|responsive|fit|resize,Auto-fit text
