name,description,url,category,popularity_score,project_tags,production_ready,learning_value,sacred_circuits_relevance,alternatives,domain_tags,notes
three.js,"Easy-to-use lightweight cross-browser general purpose 3D library with WebGL WebGPU SVG and CSS3D renderers",https://js.libhunt.com/three-js-alternatives,WebGL/3D,9.8,Orbs,true,high,high,"babylon.js|p5.js|playcanvas",webgl|3d|rendering|shaders,"Core rendering engine for Spirit Sphere animations"
babylon.js,"Powerful beautiful simple open game and rendering engine in a friendly JavaScript framework",https://js.libhunt.com/compare-babylon-js-vs-three-js,WebGL/3D,9.5,Orbs,true,high,high,"three.js|playcanvas|cesium",webgl|3d|game-engine|rendering,"Alternative 3D engine with built-in physics and XR"
PixiJS,"Fast 2D WebGL renderer with Canvas fallback for rich interactive graphics and games",https://js.libhunt.com/pixi-js-alternatives,Canvas,9.4,Orbs|Constellation,true,high,high,"phaser|konva|paper.js",webgl|canvas|2d|rendering,"Card animations and 2D effects layer"
p5.js,"Client-side JS platform for creative coding based on Processing principles",https://js.libhunt.com/three-js-alternatives,Canvas,9.0,Constellation|Orbs,true,high,medium,"processing|two.js|paper.js",creative-coding|canvas|education,"Rapid prototyping for visual experiments"
Phaser,"Fun free fast 2D game framework for HTML5 games supporting Canvas and WebGL",https://js.libhunt.com/phaser-alternatives,Game Engines,9.3,Orbs|Ritual,true,medium,medium,"melonjs|kaboom.js|kaplay",game|canvas|webgl|2d,"Interactive card game mechanics"
PlayCanvas,"Advanced 2D+3D graphics engine with physics animations and VR controller support",https://js.libhunt.com/engine-alternatives,Game Engines,8.5,Orbs|Ritual,true,medium,medium,"three.js|babylon.js|cocos",webgl|3d|game-engine|vr,"WebXR-ready 3D engine"
Matter.js,"2D rigid body physics engine for the web",https://js.libhunt.com/matter-js-alternatives,Game Engines,8.8,Orbs|Ritual,true,medium,medium,"cannon.js|rapier|planck.js",physics|2d|simulation,"Card physics interactions"
melonJS,"Fresh modern lightweight HTML5 game engine",https://js.libhunt.com/compare-melonjs-vs-kaboom,Game Engines,7.5,Orbs,true,medium,low,"phaser|kaboom.js|kaplay",game|2d|html5,"Lightweight game engine option"
KAPLAY,"JavaScript/TypeScript game library that feels like a game (successor to Kaboom.js)",https://js.libhunt.com/kaplay-alternatives,Game Engines,7.8,Orbs,true,medium,low,"phaser|melonjs|gdevelop",game|2d|typescript,"Modern game library"
GDevelop,"Free and easy game-making app with no-code visual editor",https://js.libhunt.com/gdevelop-alternatives,Game Engines,8.0,Orbs,true,low,low,"phaser|construct|rpgmaker",game|no-code|editor,"No-code game prototyping"
Impact,"Open source cross-platform game development framework",https://js.libhunt.com/categories/6583-game-engines,Game Engines,6.5,Orbs,false,low,low,"phaser|melonjs|cocos",game|2d|framework,"Legacy game framework"
Cocos,"Open source cross-platform game development framework",https://js.libhunt.com/compare-cocos-vs-gdevelop,Game Engines,8.0,Orbs,true,medium,low,"phaser|gdevelop|playcanvas",game|cross-platform|3d,"Cross-platform game engine"
GSAP,"Robust JavaScript toolset for high-performance animations across CSS SVG Canvas React Vue WebGL",https://js.libhunt.com/greensock-js-alternatives,Animation,9.7,Pantheon|Orbs,true,high,high,"anime.js|velocity|mo.js",animation|performance|timeline,"Primary animation engine for card reveals and transitions"
anime.js,"Lightweight JavaScript animation library for the modern web",https://js.libhunt.com/anime-alternatives,Animation,9.2,Pantheon|Orbs,true,high,high,"gsap|velocity|mo.js",animation|lightweight|svg,"Card flip and deity entrance animations"
Velocity,"Accelerated JavaScript animation library",https://js.libhunt.com/velocity-alternatives,Animation,8.0,Pantheon,true,medium,medium,"gsap|anime.js|mo.js",animation|performance|jquery,"Fast DOM animation fallback"
Mo.js,"Motion graphics toolbelt for the web",https://js.libhunt.com/greensock-js-alternatives,Animation,8.2,Pantheon|Constellation,true,high,high,"gsap|anime.js|particles.js",animation|motion-graphics|svg,"Sacred geometry motion effects"
animate.css,"Cross-browser library of CSS animations with just-add-water usage",https://js.libhunt.com/compare-greensock-js-vs-animate-css,Animation,9.0,Wall,true,medium,medium,"gsap|anime.js|magic.css",css|animation|utility,"Quick UI transition effects"
AutoAnimate,"Zero-config drop-in animation utility for smooth transitions",https://js.libhunt.com/auto-animate-alternatives,Animation,8.5,Wall|Pantheon,true,medium,medium,"gsap|framer-motion|vue-transitions",animation|auto|utility,"Automatic list and layout animations"
Effeckt.css,"Performant CSS transitions and animations collection",https://js.libhunt.com/categories/102-animations,Animation,6.5,Wall,false,low,low,"animate.css|magic.css",css|animation|effects,"Legacy CSS effects library"
barba.js,"Create badass fluid smooth transitions between pages",https://js.libhunt.com/categories/102-animations,Animation,8.0,Pantheon|Wall,true,medium,high,"swup|highway|turbo",page-transition|smooth|spa,"Oracle card page transitions"
tsParticles,"Highly customizable particle effects confetti and fireworks for React Vue Angular Svelte",https://js.libhunt.com/tsparticles-alternatives,Animation,8.8,Orbs|Pantheon,true,high,high,"particles.js|proton|canvas-confetti",particles|confetti|effects,"Spirit Sphere particle auras and card reveal effects"
particles.js,"Lightweight JavaScript library for creating particles",https://js.libhunt.com/particles-js-alternatives,Animation,8.5,Orbs,false,medium,medium,"tsparticles|proton",particles|canvas|background,"Legacy particle effects (use tsParticles instead)"
Dynamic.js,"JavaScript library to create physics-based animations",https://js.libhunt.com/categories/102-animations,Animation,6.0,Pantheon|Orbs,true,medium,medium,"gsap|popmotion|react-spring",animation|physics|dynamics,"Physics-based deity movement"
typicaljs,"Animated typing in ~400 bytes of JavaScript",https://js.libhunt.com/typical-alternatives,Animation,7.0,Wall,true,low,low,"typed.js|typewriter-effect",animation|typing|text,"Oracle text reveal effect"
motus,"Animation library that mimics CSS keyframes when scrolling",https://js.libhunt.com/motus-alternatives,Animation,6.5,Wall|Ritual,true,medium,low,"scrollmagic|gsap-scrolltrigger",animation|scroll|keyframes,"Scroll-driven animations"
D3.js,"Data-driven documents - visualize data using SVG Canvas and HTML web standards",https://js.libhunt.com/d3-alternatives,Data Visualization,9.9,Constellation,true,high,high,"echarts|chart.js|recharts",visualization|svg|data|bindng,"Constellation data visualization foundation"
Chart.js,"Simple HTML5 Charts using the canvas tag",https://js.libhunt.com/chart-js-alternatives,Data Visualization,9.5,Constellation,true,medium,medium,"echarts|recharts|apexcharts",chart|canvas|simple,"Quick chart widgets for dashboards"
Apache ECharts,"Free powerful charting and visualization library based on zrender canvas",https://js.libhunt.com/echarts-alternatives,Data Visualization,9.4,Constellation,true,high,medium,"d3.js|chart.js|highcharts",chart|canvas|interactive,"Rich interactive chart option"
Recharts,"Redefined chart library built with React and D3",https://js.libhunt.com/recharts-alternatives,Data Visualization,9.0,Constellation|Wall,true,high,medium,"victory|nivo|react-vis",chart|react|d3,"React-native charting for oracle dashboards"
c3,"D3-based reusable chart library for deeper web app integration",https://js.libhunt.com/c3-alternatives,Data Visualization,7.5,Constellation,true,medium,low,"chart.js|d3plus|nvd3",chart|d3|reusable,"Lightweight D3 chart wrapper"
dc.js,"Dimensional charting with crossfilter rendered using D3",https://js.libhunt.com/dc-js-alternatives,Data Visualization,7.0,Constellation,true,medium,low,"crossfilter|d3.js|echarts",chart|d3|crossfilter,"Multi-dimensional data exploration"
d3plus,"JavaScript re-usable chart library extending D3 for easy beautiful visualizations",https://js.libhunt.com/d3plus-alternatives,Data Visualization,7.0,Constellation,true,medium,low,"d3.js|c3|nvd3",chart|d3|easy,"Simplified D3 charting"
cubism,"D3 plugin for visualizing time series from Graphite Cube and other sources",https://js.libhunt.com/cubism-alternatives,Data Visualization,6.5,Constellation,false,medium,low,"d3.js|grafana|prometheus",timeseries|d3|realtime,"Real-time time series visualization"
Frappe Charts,"GitHub-inspired modern and responsive charts with zero dependencies",https://js.libhunt.com/charts-alternatives,Data Visualization,8.0,Constellation,true,medium,low,"chart.js|apexcharts|billboard.js",chart|responsive|lightweight,"Simple modern charts"
G2Plot,"Interactive statistical chart library based on G2",https://js.libhunt.com/g2plot-alternatives,Data Visualization,7.5,Constellation,true,medium,low,"echarts|chart.js|plotly",chart|statistical|interactive,"Statistical chart library"
victory-chart,"React chart component for data visualization",https://js.libhunt.com/victory-chart-alternatives,Data Visualization,8.0,Constellation|Wall,true,medium,medium,"recharts|nivo|react-vis",chart|react|modular,"Modular React charting"
react-vis,"Collection of React components for common data visualization charts",https://js.libhunt.com/react-vis-alternatives,Data Visualization,7.5,Constellation|Wall,true,medium,low,"recharts|victory|nivo",chart|react|uber,"Uber's React visualization library"
Konva.js,"HTML5 Canvas JavaScript framework for interactive desktop and mobile apps",https://js.libhunt.com/compare-konva-vs-pixi-js,Canvas,8.8,Constellation|Orbs,true,high,high,"pixijs|fabric.js|paper.js",canvas|interactive|2d,"Interactive canvas for card design tool"
Paper.js,"Swiss Army Knife of Vector Graphics Scripting - Scriptographer for the browser",https://js.libhunt.com/pixi-js-alternatives,Canvas,8.5,Constellation,true,high,medium,"svg.js|fabric.js|raphael",canvas|vector|scripting,"Vector graphics and path animations"
fabric.js,"JavaScript canvas library with SVG-to-canvas and canvas-to-SVG parser",https://js.libhunt.com/libs/canvas,Canvas,8.8,Constellation|Orbs,true,high,medium,"konva|paper.js|pixijs",canvas|svg|editor,"Canvas-based card design editor"
two.js,"Renderer-agnostic 2D drawing API for SVG Canvas and WebGL",https://js.libhunt.com/two-js-alternatives,Canvas,7.5,Constellation|Orbs,true,medium,medium,"paper.js|p5.js|raphael",2d|svg|canvas|webgl,"Multi-renderer 2D graphics"
react-canvas,"High-performance canvas rendering for React components",https://js.libhunt.com/compare-react-canvas-vs-pixi-js,Canvas,6.5,Wall|Constellation,false,medium,low,"pixijs|konva|react-konva",canvas|react|performance,"React canvas rendering"
SVG.js,"Lightweight library for manipulating and animating SVG",https://js.libhunt.com/libs/svg,SVG,8.5,Constellation,true,high,high,"snap.svg|raphael|d3.js",svg|animation|manipulation,"Sacred geometry SVG rendering"
Snap.svg,"JavaScript SVG library for the modern web",https://js.libhunt.com/libs/svg,SVG,8.0,Constellation,true,medium,medium,"svg.js|raphael|d3.js",svg|animation|adobe,"SVG animation and manipulation"
Raphael,"Cross-browser JavaScript vector graphics library using SVG and VML",https://js.libhunt.com/libs/svg,SVG,7.0,Constellation,false,medium,low,"svg.js|snap.svg|d3.js",svg|vector|cross-browser,"Legacy SVG library"
Leaflet,"Open-source JavaScript library for mobile-friendly interactive maps",https://js.libhunt.com/leaflet-alternatives,Maps,9.5,Constellation,true,high,low,"mapbox|openlayers|cesium",maps|interactive|mobile,"Interactive map visualizations"
CesiumJS,"JavaScript library for 3D globes and 2D maps using WebGL without plugins",https://js.libhunt.com/cesium-alternatives,Maps,8.8,Orbs|Constellation,true,high,medium,"leaflet|openlayers|mapbox",maps|3d|globe|webgl,"3D globe for mythology world map"
OpenGlobus,"Open-source JS/TS library for virtual globes and geospatial data visualization",https://js.libhunt.com/openglobus-alternatives,Maps,7.5,Orbs|Constellation,true,medium,medium,"cesium|leaflet|mapbox",maps|globe|webgl|terrain,"Lightweight 3D globe alternative"
mapbox.js,"Mapbox JavaScript API as Leaflet plugin",https://js.libhunt.com/compare-mapbox-js-vs-cesium,Maps,8.5,Constellation,true,high,low,"leaflet|cesium|openlayers",maps|tiles|styling,"Styled map layers"
OpenLayers,"High-performance map library for web applications",https://js.libhunt.com/leaflet-alternatives,Maps,8.5,Constellation,true,high,low,"leaflet|cesium|mapbox",maps|gis|vector,"Full-featured GIS mapping"
H3.js,"Hexagonal hierarchical geospatial indexing system",https://js.libhunt.com/h3-alternatives,Maps,7.5,Constellation,true,medium,low,"turf.js|geojson|s2",maps|hexagonal|spatial,"Geospatial data indexing"
Turf.js,"Advanced geospatial analysis for browsers and Node.js",https://js.libhunt.com/turf-alternatives,Maps,8.0,Constellation,true,medium,low,"h3|jsts|leaflet",maps|geospatial|analysis,"Spatial analysis utilities"
ScrollMagic,"Magical scroll interactions - trigger animations based on scroll position",https://js.libhunt.com/scrollmagic-alternatives,Scroll,8.0,Ritual|Pantheon,true,high,medium,"gsap-scrolltrigger|locomotive-scroll|lenis",scroll|animation|parallax,"Scroll-triggered oracle reveals"
locomotive-scroll,"Detection of elements in viewport with smooth scrolling and parallax",https://js.libhunt.com/locomotive-scroll-alternatives,Scroll,8.5,Ritual|Wall,true,high,medium,"scrollmagic|lenis|smooth-scrollbar",scroll|smooth|parallax,"Smooth scrolling for card gallery"
skrollr,"Stand-alone parallax scrolling JavaScript library for mobile and desktop",https://js.libhunt.com/skrollr-alternatives,Scroll,7.0,Ritual,false,medium,low,"scrollmagic|rellax|parallax.js",scroll|parallax|standalone,"Legacy parallax scrolling"
parallax,"Simple interactive parallax scrolling effect",https://js.libhunt.com/parallax-alternatives,Scroll,7.5,Ritual|Wall,true,medium,medium,"rellax|simpleParallax|skrollr",scroll|parallax|simple,"Card depth parallax"
simpleParallax,"Easy way to add parallax animations on images",https://js.libhunt.com/simpleparallax-alternatives,Scroll,7.0,Ritual|Wall,true,medium,low,"parallax|rellax|skrollr",scroll|parallax|image,"Image parallax effects"
Rellax,"Lightweight vanilla JavaScript parallax library",https://js.libhunt.com/scrollmagic-alternatives,Scroll,7.5,Ritual|Wall,true,medium,medium,"parallax|simpleParallax|skrollr",scroll|parallax|lightweight,"Lightweight parallax option"
iScroll,"High performance small footprint dependency-free multi-platform scroller",https://js.libhunt.com/categories/93-scroll,Scroll,7.0,Wall,false,low,low,"better-scroll|locomotive-scroll",scroll|mobile|touch,"Mobile scroll optimization"
Trig.js,"Lightweight CSS scroll animations that react to element position",https://js.libhunt.com/trig-js-alternatives,Scroll,6.5,Ritual|Wall,true,medium,low,"scrollmagic|motus|gsap",scroll|css|trigger,"CSS scroll triggers"
hammer.js,"JavaScript library for detecting touch gestures",https://js.libhunt.com/hammer-js-alternatives,Gesture/Interaction,8.5,Ritual,true,high,high,"interact.js|touchemulator|westures",touch|gesture|mobile,"Card swipe and touch interactions"
Dragula,"Drag and drop so simple it hurts",https://js.libhunt.com/compare-hammer-js-vs-dragula,Gesture/Interaction,8.0,Ritual|Wall,true,medium,medium,"sortablejs|react-dnd|dnd-kit",drag-drop|simple|dom,"Card drag-and-drop sorting"
touchemulator,"Emulate multi-touch input on desktop triggering W3C touch events",https://js.libhunt.com/touchemulator-alternatives,Gesture/Interaction,6.0,Ritual,true,low,low,"hammer.js|interact.js",touch|emulator|testing,"Touch event testing"
HumanInput,"Human input detection library for gestures",https://js.libhunt.com/categories/98-gesture,Gesture/Interaction,5.5,Ritual,false,low,low,"hammer.js|interact.js",gesture|input|detection,"Human input detection"
westures,"Modern multi-touch gesture library",https://js.libhunt.com/categories/98-gesture,Gesture/Interaction,6.0,Ritual,true,medium,low,"hammer.js|interact.js|zingtouch",gesture|multi-touch|modern,"Modern gesture recognition"
Dropzone,"Easy drag-and-drop library with image previews and progress bars",https://js.libhunt.com/libs/drag-and-drop,Gesture/Interaction,8.5,Wall|Ritual,true,medium,low,"uppy|filepond|react-dropzone",drag-drop|upload|file,"File upload for user avatars"
SortableJS,"Reorderable drag-and-drop lists for modern browsers and touch devices",https://js.libhunt.com/libs/drag-and-drop,Gesture/Interaction,9.0,Ritual|Wall,true,high,low,"react-dnd|dnd-kit|dragula",drag-drop|sortable|touch,"Sortable card deck interface"
A-Frame,"Web framework for building VR experiences with HTML and Entity-Component system",https://js.libhunt.com/aframe-changelog,XR/Spatial,9.0,Ritual|Orbs,true,high,high,"babylon.js|three.js|8thwall",vr|ar|webxr|html,"WebXR oracle experience"
reveal.js,"HTML presentation framework for creating stunning presentations",https://js.libhunt.com/categories/83-sliders,Sliders/Presentation,9.0,Wall|Constellation,true,high,medium,"impress.js|deck.js|bespoke.js",presentation|slides|html,"Oracle card reveal presentations"
Swiper,"Most modern mobile touch slider with hardware accelerated transitions",https://js.libhunt.com/swiper-alternatives,Sliders,9.2,Wall,true,high,medium,"glide.js|splide|flickity",slider|touch|mobile,"Card carousel slider"
Glide.js,"Dependency-free JavaScript ES6 slider and carousel - lightweight flexible fast",https://js.libhunt.com/glide-js-alternatives,Sliders,8.0,Wall,true,medium,medium,"swiper|splide|flickity",slider|es6|lightweight,"Lightweight card carousel"
Splide,"Lightweight flexible accessible slider/carousel in TypeScript",https://js.libhunt.com/compare-splide-vs-swiper,Sliders,8.3,Wall,true,medium,medium,"swiper|glide.js|flickity",slider|typescript|accessible,"Accessible card carousel"
Flickity,"Touch responsive flickable carousels",https://js.libhunt.com/flickity-alternatives,Sliders,8.0,Wall,true,medium,medium,"swiper|glide.js|owl-carousel",slider|touch|flickable,"Flickable card gallery"
slick,"Fully responsive carousel with dependency on jQuery",https://js.libhunt.com/compare-slick-vs-swiper,Sliders,8.0,Wall,false,low,low,"swiper|glide.js|splide",slider|jquery|responsive,"Legacy jQuery carousel"
PhotoSwipe,"JavaScript image gallery for mobile and desktop with touch gestures",https://js.libhunt.com/categories/83-sliders,Sliders,8.5,Wall|Ritual,true,medium,medium,"lightgallery|fancybox|glightbox",gallery|lightbox|touch,"Card image gallery viewer"
impress.js,"Presentation framework based on CSS3 transforms and transitions",https://js.libhunt.com/categories/83-sliders,Sliders/Presentation,7.5,Wall|Constellation,true,medium,low,"reveal.js|deck.js|bespoke.js",presentation|css3|3d,"3D presentation transitions"
Quill,"Modern WYSIWYG editor built for compatibility - worlds #1 rich text editor",https://js.libhunt.com/quill-alternatives,Editors,9.0,Wall,true,medium,low,"prosemirror|tiptap|slate",editor|rich-text|wysiwyg,"Content editing for oracle readings"
ProseMirror,"Well-behaved rich semantic content editor with collaborative editing",https://js.libhunt.com/prosemirror-alternatives,Editors,9.0,Wall|Infrastructure,true,high,low,"quill|tiptap|slate",editor|rich-text|collaborative,"Collaborative content editing"
TipTap,"Powerful rich text editor framework with modular architecture",https://js.libhunt.com/prosemirror-alternatives,Editors,9.2,Wall,true,high,low,"prosemirror|quill|slate",editor|rich-text|modular,"Modern rich text editor"
CodeMirror,"Versatile text editor for the browser specialized for code with 100+ language modes",https://js.libhunt.com/codemirror-alternatives,Editors,9.0,Infrastructure,true,high,low,"monaco|ace|prism",editor|code|syntax,"Code editor for developer tools"
Monaco Editor,"The code editor that powers VS Code",https://js.libhunt.com/monaco-editor-alternatives,Editors,9.5,Infrastructure,true,high,low,"codemirror|ace|prism",editor|code|vscode,"Full IDE-grade code editor"
Ace,"Ajax.org Cloud9 Editor - standalone code editor written in JavaScript",https://js.libhunt.com/categories/18-editors,Editors,8.5,Infrastructure,true,medium,low,"codemirror|monaco|prism",editor|code|cloud9,"Lightweight code editor"
webpack,"Module bundler that packs many modules into few bundled assets",https://js.libhunt.com/webpack-alternatives,Bundlers,9.5,Infrastructure,true,high,low,"vite|rollup|parcel|esbuild",bundler|module|build,"Standard module bundler"
Rollup,"Next-generation ES module bundler",https://js.libhunt.com/compare-rollup-vs-webpack,Bundlers,9.0,Infrastructure,true,high,low,"webpack|vite|esbuild|parcel",bundler|esm|tree-shaking,"ES module bundler for libraries"
Parcel,"Zero configuration build tool for the web",https://js.libhunt.com/parcel-alternatives,Bundlers,8.8,Infrastructure,true,medium,low,"webpack|vite|rollup|esbuild",bundler|zero-config|build,"Zero-config bundling"
Gulp,"Streaming build system leveraging Node.js streams",https://js.libhunt.com/categories/3-bundlers,Bundlers,8.0,Infrastructure,true,medium,low,"webpack|grunt|npm-scripts",build|task-runner|streaming,"Task runner for build pipelines"
Grunt,"JavaScript task runner for automation",https://js.libhunt.com/categories/3-bundlers,Bundlers,7.0,Infrastructure,false,low,low,"gulp|webpack|npm-scripts",build|task-runner|automation,"Legacy task runner"
Snowpack,"Lightning-fast frontend build tool for the modern web",https://js.libhunt.com/categories/3-bundlers,Bundlers,7.5,Infrastructure,false,medium,low,"vite|webpack|parcel",bundler|esm|fast,"Deprecated - use Vite instead"
webpack-dashboard,"CLI dashboard for webpack dev server",https://js.libhunt.com/categories/3-bundlers,Bundlers,7.0,Infrastructure,true,low,low,"webpack-bundle-analyzer",bundler|dashboard|cli,"Webpack monitoring"
Microbundle,"Zero-configuration bundler for tiny modules",https://js.libhunt.com/categories/3-bundlers,Bundlers,7.5,Infrastructure,true,medium,low,"rollup|tsup|unbuild",bundler|library|tiny,"Library bundling"
Brunch,"Fast front-end web app build tool with simple config",https://js.libhunt.com/categories/3-bundlers,Bundlers,6.0,Infrastructure,false,low,low,"webpack|parcel|vite",bundler|simple|fast,"Legacy build tool"
FuseBox,"Bundler/module loader with first-class TypeScript support",https://js.libhunt.com/categories/3-bundlers,Bundlers,6.5,Infrastructure,false,medium,low,"webpack|rollup|parcel",bundler|typescript|fast,"TypeScript-first bundler"
Jest,"Delightful JavaScript testing framework",https://js.libhunt.com/categories/4-testing-frameworks,Testing,9.5,Infrastructure,true,high,low,"vitest|mocha|jasmine",testing|unit|snapshot,"Primary test framework"
Cypress,"Fast easy reliable testing for anything that runs in a browser",https://js.libhunt.com/cypress-alternatives,Testing,9.3,Infrastructure,true,high,low,"playwright|puppeteer|selenium",testing|e2e|browser,"End-to-end browser testing"
Playwright,"Web testing and automation for Chromium Firefox and WebKit with single API",https://js.libhunt.com/playwright-alternatives,Testing,9.5,Infrastructure,true,high,low,"cypress|puppeteer|selenium",testing|e2e|automation,"Cross-browser testing and automation"
Mocha,"Simple flexible fun JavaScript test framework for Node and browser",https://js.libhunt.com/mocha-alternatives,Testing,8.5,Infrastructure,true,medium,low,"jest|vitest|jasmine|ava",testing|flexible|bdd,"Flexible test framework"
Nightmare,"High-level browser automation library built on Electron",https://js.libhunt.com/nightmare-alternatives,Testing,6.5,Infrastructure,false,low,low,"playwright|puppeteer|cypress",testing|automation|electron,"Deprecated browser automation"
lodash,"Utility library making JavaScript easier for arrays numbers objects strings",https://js.libhunt.com/lodash-alternatives,Functional Programming,9.5,Infrastructure,true,medium,low,"underscore|ramda|moderndash",utility|functional|array,"Core utility library"
underscore,"Utility-belt library for functional programming without extending core objects",https://js.libhunt.com/underscore-alternatives,Functional Programming,8.0,Infrastructure,true,medium,low,"lodash|ramda|sugar",utility|functional|classic,"Classic utility library"
Ramda,"Practical functional library emphasizing immutability and side-effect free functions",https://js.libhunt.com/ramda-alternatives,Functional Programming,8.5,Infrastructure,true,high,low,"lodash|underscore|sanctuary",functional|immutable|curried,"Functional programming toolkit"
rambda,"Faster and smaller alternative to Ramda",https://js.libhunt.com/rambda-alternatives,Functional Programming,7.5,Infrastructure,true,medium,low,"ramda|lodash|moderndash",functional|fast|small,"Lightweight Ramda alternative"
ModernDash,"Modern utility library for JavaScript",https://js.libhunt.com/moderndash-alternatives,Functional Programming,6.5,Infrastructure,true,medium,low,"lodash|ramda|radash",utility|modern|esm,"Modern lodash alternative"
Sugar,"Library for working with native JavaScript objects",https://js.libhunt.com/categories/57-functional-programming,Functional Programming,7.0,Infrastructure,true,medium,low,"lodash|underscore|dayjs",utility|native|dates,"Extended native object methods"
lazy.js,"Utility library with lazy evaluation for better performance",https://js.libhunt.com/categories/57-functional-programming,Functional Programming,7.0,Infrastructure,true,medium,low,"lodash|ramda|rxjs",utility|lazy|performance,"Lazy evaluation utilities"
RxJS,"Reactive Extensions Library for composing async event-based programs",https://js.libhunt.com/categories/58-reactive-programming,Reactive Programming,9.5,Infrastructure,true,high,medium,"mobx|bacon.js|most.js",reactive|observable|async,"Reactive event streams for voice pipeline"
MobX,"Battle-tested state management using transparent functional reactive programming",https://js.libhunt.com/mobx-alternatives,Reactive Programming,9.0,Infrastructure|Wall,true,high,medium,"rxjs|redux|zustand",state|reactive|observable,"Reactive state management"
Cycle.js,"Framework for cleaner code using functional and reactive patterns",https://js.libhunt.com/categories/58-reactive-programming,Reactive Programming,7.5,Infrastructure,true,medium,low,"rxjs|mobx|elm",reactive|functional|framework,"Functional reactive framework"
Bacon.js,"Functional reactive programming library for JavaScript",https://js.libhunt.com/categories/58-reactive-programming,Reactive Programming,6.5,Infrastructure,false,medium,low,"rxjs|most.js|kefir",reactive|frp|events,"FRP library"
Most.js,"Ultra-high performance reactive programming library",https://js.libhunt.com/categories/58-reactive-programming,Reactive Programming,7.0,Infrastructure,true,medium,low,"rxjs|bacon.js|kefir",reactive|performance|stream,"High-performance reactive streams"
Select2,"jQuery replacement for select boxes with search and remote data",https://js.libhunt.com/categories/85-form-widgets,Form Widgets,8.5,Wall,true,medium,low,"choices.js|tom-select|slim-select",form|select|search,"Enhanced select dropdowns"
dat.GUI,"Lightweight controller library for JavaScript parameter tweaking",https://js.libhunt.com/dat-gui-alternatives,Form Widgets/Debug,7.5,Orbs|Infrastructure,true,high,high,"tweakpane|lil-gui|stats.js",gui|debug|controller,"3D scene parameter controls"
TinyColor,"Small fast library for color manipulation and conversion with no dependencies",https://js.libhunt.com/tinycolor-alternatives,Color,8.0,Constellation|Orbs,true,medium,medium,"chroma.js|color|color2k",color|conversion|manipulation,"Color theming for deity palettes"
chroma.js,"Tiny zero-dependency library for color conversions color scales and Color Brewer",https://js.libhunt.com/chroma-js-alternatives,Color,8.5,Constellation|Orbs,true,high,high,"tinycolor|color|culori",color|scales|brewer,"Deity color palettes and gradients"
color,"Immutable color conversion and manipulation with CSS color string support",https://js.libhunt.com/color-alternatives,Color,7.5,Constellation,true,medium,low,"chroma.js|tinycolor|color2k",color|immutable|css,"Color utility"
color2k,"Color parsing and manipulation with 2.8kB bundle size",https://js.libhunt.com/color2k-alternatives,Color,7.0,Wall,true,medium,low,"chroma.js|tinycolor|color",color|tiny|tree-shakeable,"Ultra-lightweight color library"
randomColor,"Attractive random color generator for JavaScript",https://js.libhunt.com/randomcolor-alternatives,Color,7.0,Constellation,true,low,medium,"chroma.js|tinycolor",color|random|generator,"Random deity accent colors"
AmplitudeJS,"Open Source HTML5 Web Audio Library - design your web audio player with no dependencies",https://js.libhunt.com/amplitudejs-alternatives,Audio,8.0,Pantheon,true,medium,high,"howler.js|tone.js|soundjs",audio|player|html5,"Oracle audio player for deity voices"
SoundJS,"JavaScript library for consistent audio API across browsers supporting WebAudio HTML5 and Flash",https://js.libhunt.com/soundjs-alternatives,Audio,7.0,Pantheon,false,medium,medium,"howler.js|amplitudejs|tone.js",audio|cross-browser|createjs,"Legacy audio library"
ts-audio,"Agnostic easy-to-use TypeScript audio library",https://js.libhunt.com/ts-audio-alternatives,Audio,6.5,Pantheon,true,medium,medium,"howler.js|amplitudejs|tone.js",audio|typescript|simple,"TypeScript audio playback"
Ion.Sound,"JavaScript library for playing sounds on user actions and events",https://js.libhunt.com/ion-sound-alternatives,Audio,6.0,Pantheon,false,low,low,"howler.js|amplitudejs",audio|events|simple,"Simple event sounds"
Howler.js,"Audio library for the modern web with consistent API across all platforms",https://js.libhunt.com/libs/audio,Audio,9.0,Pantheon,true,high,high,"tone.js|amplitudejs|soundjs",audio|webaudio|mobile,"Primary audio engine for deity voice playback"
Tone.js,"Web Audio framework for creating interactive music in the browser",https://js.libhunt.com/libs/audio,Audio,9.0,Pantheon|Ritual,true,high,high,"howler.js|pizzicato|web-audio-api",audio|music|synthesis,"Sacred music synthesis and audio effects"
cropper,"JavaScript image cropping library",https://js.libhunt.com/categories/103-image-processing,Image Processing,8.0,Wall,true,medium,low,"pica|jimp|sharp",image|crop|canvas,"User avatar cropping"
pica,"Resize images in browser with high quality and blazing speed",https://js.libhunt.com/categories/103-image-processing,Image Processing,7.5,Wall|Infrastructure,true,medium,low,"sharp|jimp|cropper",image|resize|quality,"Client-side image optimization"
lena.js,"Tiny JavaScript library for image processing with filters",https://js.libhunt.com/categories/103-image-processing,Image Processing,6.0,Constellation,true,medium,medium,"jimp|sharp|canvas-filters",image|filters|processing,"Image filter effects for cards"
JsBarcode,"Barcode generation library for JavaScript",https://js.libhunt.com/compare-jsbarcode-vs-pixi-js,Image Processing,7.5,Infrastructure,true,low,low,"qrcode.js|bwip-js",barcode|generation|svg,"QR code generation for oracle cards"
ART,"Retained-mode vector drawing API for SVG Canvas and VML",https://js.libhunt.com/compare-art-vs-pixi-js,Canvas/SVG,6.0,Constellation,false,medium,low,"paper.js|svg.js|raphael",vector|svg|canvas,"Legacy vector drawing API"
Vega,"Visualization grammar for creating and sharing interactive data visualization designs",https://js.libhunt.com/d3-alternatives,Data Visualization,8.5,Constellation,true,high,medium,"d3.js|echarts|plotly",visualization|grammar|declarative,"Declarative visualization grammar"
Highcharts,"Interactive JavaScript charting library with broad browser support",https://js.libhunt.com/d3-alternatives,Data Visualization,9.0,Constellation,true,high,low,"echarts|chart.js|amcharts",chart|commercial|interactive,"Commercial charting option"
Plotly.js,"Open-source JavaScript graphing library built on D3 and WebGL",https://js.libhunt.com/d3-alternatives,Data Visualization,9.0,Constellation,true,high,medium,"d3.js|echarts|highcharts",chart|scientific|webgl,"Scientific visualization with WebGL"
ApexCharts,"Modern interactive open-source charting library",https://js.libhunt.com/chart-js-alternatives,Data Visualization,8.8,Constellation|Wall,true,high,low,"chart.js|echarts|recharts",chart|interactive|modern,"Modern charting alternative"
billboard.js,"Re-usable easy-to-use D3-based chart library",https://js.libhunt.com/chart-js-alternatives,Data Visualization,7.5,Constellation,true,medium,low,"c3|chart.js|frappe-charts",chart|d3|reusable,"D3 chart wrapper"
nivo,"Rich set of data visualization components built on D3 and React",https://js.libhunt.com/recharts-alternatives,Data Visualization,8.8,Constellation|Wall,true,high,medium,"recharts|victory|visx",chart|react|d3|beautiful,"Beautiful React data visualizations"
visx,"Collection of reusable low-level visualization components for React from Airbnb",https://js.libhunt.com/recharts-alternatives,Data Visualization,8.5,Constellation|Wall,true,high,medium,"d3.js|recharts|nivo",chart|react|d3|low-level,"Low-level React visualization primitives"
Swup,"Versatile and extensible page transition library for server-rendered websites",https://js.libhunt.com/categories/102-animations,Animation,7.5,Wall|Pantheon,true,medium,medium,"barba.js|turbo|highway",page-transition|smooth|pjax,"Page transition alternative to barba.js"
lottie-web,"Render After Effects animations natively on web and mobile",https://js.libhunt.com/libs/animation,Animation,9.5,Pantheon|Orbs,true,high,high,"rive|gsap|bodymovin",animation|after-effects|json,"Deity animation playback from After Effects"
Rive,"Runtime for interactive animations on web mobile and desktop",https://js.libhunt.com/libs/animation,Animation,9.0,Pantheon|Orbs,true,high,high,"lottie-web|gsap|spine",animation|interactive|runtime,"Interactive deity animations"
Framer Motion,"Production-ready motion library for React with declarative API",https://js.libhunt.com/libs/animation,Animation,9.5,Pantheon|Wall,true,high,high,"gsap|react-spring|motion-one",animation|react|spring,"React component animations for oracle UI"
react-spring,"Spring-physics based React animation library",https://js.libhunt.com/libs/animation,Animation,8.8,Pantheon|Wall,true,high,medium,"framer-motion|gsap|popmotion",animation|react|physics,"Physics-based React animations"
Popmotion,"Functional reactive animation library",https://js.libhunt.com/libs/animation,Animation,8.0,Pantheon,true,medium,medium,"gsap|framer-motion|motion-one",animation|functional|reactive,"Functional animation engine"
Motion One,"New animation library built on the Web Animations API",https://js.libhunt.com/libs/animation,Animation,8.0,Pantheon|Wall,true,high,medium,"gsap|framer-motion|anime.js",animation|waapi|modern,"Modern WAAPI-based animations"
cannon-es,"Lightweight 3D physics engine for the web (ES module fork of cannon.js)",https://js.libhunt.com/matter-js-alternatives,Physics,8.0,Orbs,true,high,medium,"rapier|matter.js|ammo.js",physics|3d|rigid-body,"3D physics for Spirit Sphere"
ammo.js,"Direct port of Bullet Physics to JavaScript using Emscripten",https://js.libhunt.com/engine-alternatives,Physics,7.5,Orbs,true,medium,low,"cannon-es|rapier|oimo.js",physics|3d|bullet,"Heavy-duty 3D physics"
Rapier,"Fast deterministic cross-platform physics engine in Rust/WASM",https://js.libhunt.com/matter-js-alternatives,Physics,8.5,Orbs,true,high,medium,"cannon-es|matter.js|ammo.js",physics|wasm|3d,"WASM-accelerated physics"
stats.js,"JavaScript performance monitor for FPS MS and custom panels",https://js.libhunt.com/dat-gui-alternatives,Debug/Tools,8.0,Infrastructure|Orbs,true,high,medium,"dat.gui|tweakpane|spector.js",debug|performance|fps,"Performance monitoring for 3D scenes"
Tweakpane,"Compact pane library for fine-tuning parameters and monitoring values",https://js.libhunt.com/dat-gui-alternatives,Debug/Tools,8.5,Orbs|Infrastructure,true,high,high,"dat.gui|lil-gui|stats.js",gui|debug|parameters,"Modern parameter tuning for 3D"
lil-gui,"Drop-in replacement for dat.gui with modern features",https://js.libhunt.com/dat-gui-alternatives,Debug/Tools,8.0,Orbs|Infrastructure,true,high,medium,"dat.gui|tweakpane|stats.js",gui|debug|lightweight,"Lightweight dat.gui replacement"
JointJS,"JavaScript diagramming library for interactive flowcharts and visual tools",https://js.libhunt.com/libs/svg,Data Visualization,8.0,Constellation,true,high,medium,"mermaid|gojs|cytoscape",diagram|flowchart|svg,"Knowledge graph visualization"
Cytoscape.js,"Graph theory analysis and visualization library",https://js.libhunt.com/d3-alternatives,Data Visualization,8.5,Constellation,true,high,high,"d3.js|sigma.js|vis.js",graph|network|analysis,"Mythology relationship graphs"
sigma.js,"JavaScript library for drawing graphs and networks",https://js.libhunt.com/d3-alternatives,Data Visualization,8.0,Constellation,true,medium,high,"cytoscape|d3.js|vis.js",graph|network|webgl,"Network graph visualization"
vis.js,"Dynamic browser-based visualization library for networks timelines and datasets",https://js.libhunt.com/d3-alternatives,Data Visualization,8.0,Constellation,true,medium,medium,"cytoscape|sigma.js|d3.js",network|timeline|dataset,"Timeline and network visualization"
mermaid,"Markdown-inspired diagramming and charting tool",https://js.libhunt.com/d3-alternatives,Data Visualization,9.5,Constellation|Infrastructure,true,high,low,"d3.js|jointjs|plantuml",diagram|markdown|flowchart,"Documentation diagrams"
GoJS,"JavaScript/TypeScript library for interactive diagrams and complex visualizations",https://js.libhunt.com/libs/svg,Data Visualization,8.5,Constellation,true,high,low,"jointjs|cytoscape|mermaid",diagram|interactive|commercial,"Commercial diagramming"
Treemap,"D3 treemap visualization component",https://js.libhunt.com/libs/canvas/data-visualization/svg/treemap,Data Visualization,6.5,Constellation,true,medium,low,"d3.js|echarts|plotly",treemap|hierarchical|d3,"Hierarchical data visualization"
Spector.js,"WebGL inspector for debugging and profiling WebGL scenes",https://js.libhunt.com/libs/webgl,Debug/Tools,7.5,Orbs|Infrastructure,true,high,medium,"chrome-devtools|renderdoc",webgl|debug|inspector,"WebGL debugging for Spirit Sphere"
ogl,"Minimal WebGL library with GPU-accelerated rendering",https://js.libhunt.com/libs/webgl,WebGL/3D,7.5,Orbs,true,high,medium,"three.js|regl|twgl",webgl|minimal|gpu,"Minimal WebGL alternative to Three.js"
regl,"Functional WebGL programming interface",https://js.libhunt.com/libs/webgl,WebGL/3D,8.0,Orbs,true,high,medium,"three.js|ogl|twgl",webgl|functional|stateless,"Functional WebGL for custom shaders"
TWGL,"Tiny WebGL helper library making WebGL less verbose",https://js.libhunt.com/libs/webgl,WebGL/3D,7.5,Orbs,true,medium,medium,"regl|ogl|three.js",webgl|helper|lightweight,"WebGL utility wrapper"
deck.gl,"WebGL2-powered framework for visual exploratory data analysis of large datasets",https://js.libhunt.com/d3-alternatives,Data Visualization,9.0,Constellation|Orbs,true,high,medium,"kepler.gl|mapbox|cesium",visualization|webgl|geospatial,"Large-scale data visualization"
Lenis,"Smooth scroll library with modern API",https://js.libhunt.com/locomotive-scroll-alternatives,Scroll,8.8,Ritual|Wall,true,high,medium,"locomotive-scroll|scrollmagic|smooth-scrollbar",scroll|smooth|modern,"Modern smooth scrolling"
GSAP ScrollTrigger,"Scroll-driven animation plugin for GSAP",https://js.libhunt.com/scrollmagic-alternatives,Scroll/Animation,9.5,Ritual|Pantheon,true,high,high,"scrollmagic|locomotive-scroll|lenis",scroll|animation|gsap,"Primary scroll animation for oracle reveals"
Typed.js,"JavaScript typing animation library",https://js.libhunt.com/typical-alternatives,Animation,8.0,Wall|Pantheon,true,medium,high,"typicaljs|typewriter-effect",animation|typing|text,"Oracle prophecy text animation"
canvas-confetti,"Performant confetti animation in the browser with no dependencies",https://js.libhunt.com/tsparticles-alternatives,Animation,8.5,Pantheon|Orbs,true,medium,medium,"tsparticles|particles.js",confetti|celebration|canvas,"Card reveal celebration effects"
